property_code,address_1,city,state,zipcode,beds,baths,sqft,market_rent,lat,lng,districtMatch,estimatedPrice,annualTaxes,costofMoney,maintenance,management,ROI,RentperSqFt,percentFreeDiscLunch,percentofAfricanAmericanStudents,percentofAsianStudents,percentofHispanicStudents,percentofIndianStudents,percentofPacificIslanderStudents,percentofTwoOrMoreRaceStudents,percentofWhiteStudents,rankMovement
10000753,10627 Kittredge St,Commerce City,CO,80022,3,2.5,1993,2939.0,39.88982,-104.80151,Brighton 27J School District,473955.0,2654.0,18958.2,4408.5,2821.44,6425.860000000001,1.47,44.028888888888886,2.2016666666666667,2.924444444444445,53.73777777777777,0.3066666666666667,0.1738888888888889,2.99888888888889,37.654444444444444,-48.05555555555556
10000801,10705 Clermont St,Thornton,CO,80233,3,2.0,1544,2529.0,39.89058,-104.93351,Adams 12 Five Star Schools,419002.45,2346.0,16760.1,3793.5,2427.84,5020.560000000001,1.64,47.38558139534882,1.9074418604651164,4.725348837209301,47.0013953488372,0.5467441860465118,0.14232558139534884,3.318837209302326,42.35930232558139,-23.3953488372093
10000898,10874 Fairfax Way,Thornton,CO,80233,4,2.0,1904,2599.0,39.89348,-104.92838,Adams 12 Five Star Schools,424920.0,2380.0,16996.8,3898.5,2495.04,5417.66,1.37,47.38558139534882,1.9074418604651164,4.725348837209301,47.0013953488372,0.5467441860465118,0.14232558139534884,3.318837209302326,42.35930232558139,-23.3953488372093
10000946,10944 Bellaire Way,Thornton,CO,80233,4,2.0,1800,2485.0,39.89548,-104.93625,Adams 12 Five Star Schools,409695.0,2294.0,16387.8,3727.5,2385.6,5025.099999999999,1.38,47.38558139534882,1.9074418604651164,4.725348837209301,47.0013953488372,0.5467441860465118,0.14232558139534884,3.318837209302326,42.35930232558139,-23.3953488372093
10001199,11120 Sylvan Pl,Parker,CO,80138,3,2.0,1387,2549.0,39.51228,-104.74424,Douglas County RE 1 School District,540525.0,3027.0,21621.0,3823.5,2447.04,-330.5400000000009,1.84,10.782600000000002,1.2924,4.6368,13.5866,0.4134,0.10700000000000001,5.688199999999999,74.27559999999997,10.24
10001499,11348 Lamar St,Westminster,CO,80020,3,3.0,1820,2640.0,39.902,-105.066,Jefferson County R-1 School District,455253.85,2549.0,18210.15,3960.0,2534.4,4426.449999999997,1.45,37.161395348837225,1.4451937984496122,2.891472868217054,26.137131782945733,0.624031007751938,0.13503875968992252,4.070852713178295,64.696511627907,-23.294573643410853
10001523,11375 Nome St,Henderson,CO,80640,4,2.0,2087,2595.0,39.90208,-104.85186,Brighton 27J School District,471589.95,2641.0,18863.6,3892.5,2491.2000000000003,3251.7000000000007,1.24,44.028888888888886,2.2016666666666667,2.924444444444445,53.73777777777777,0.3066666666666667,0.1738888888888889,2.99888888888889,37.654444444444444,-48.05555555555556
10001870,11845 E Kepner Dr,Aurora,CO,80012,2,3.0,1064,2095.0,39.69852,-104.85037,Cherry Creek 5 School District,288680.0,1617.0,11547.2,3142.5,2011.2,6822.099999999999,1.97,31.316206896551716,10.956379310344833,8.528620689655174,20.997586206896553,0.5799999999999998,0.26362068965517244,8.194137931034483,50.48,-29.53448275862069
10002292,12156 E Louisiana Dr,Aurora,CO,80012,4,2.5,2625,2645.0,39.69204,-104.84547,Adams-Arapahoe 28J School District,417832.5,2340.0,16713.3,3967.5,2539.2000000000003,6180.0,1.01,77.80837209302327,16.370465116279068,5.282325581395349,55.53395348837209,0.7425581395348836,1.0704651162790697,6.084186046511626,14.91813953488372,-39.372093023255815
10002730,12823 Cherry Way,Thornton,CO,80241,4,3.0,2484,2775.0,39.92966,-104.93441,Adams 12 Five Star Schools,441965.0,2475.0,17678.6,4162.5,2664.0,6319.9000000000015,1.12,47.38558139534882,1.9074418604651164,4.725348837209301,47.0013953488372,0.5467441860465118,0.14232558139534884,3.318837209302326,42.35930232558139,-23.3953488372093
10003845,1320 Bluebird St,Brighton,CO,80601,3,2.0,1470,2246.0,39.96678,-104.83774,Brighton 27J School District,405180.0,2269.0,16207.2,3369.0,2156.16,2950.6399999999994,1.53,44.028888888888886,2.2016666666666667,2.924444444444445,53.73777777777777,0.3066666666666667,0.1738888888888889,2.99888888888889,37.654444444444444,-48.05555555555556
10004110,1361 Mallard Ln,Brighton,CO,80601,3,2.0,1470,2275.0,39.97163,-104.8379,Brighton 27J School District,350615.0,1963.0,14024.6,3412.5,2184.0,5715.9000000000015,1.55,44.028888888888886,2.2016666666666667,2.924444444444445,53.73777777777777,0.3066666666666667,0.1738888888888889,2.99888888888889,37.654444444444444,-48.05555555555556
10006119,14705 E Harvard Ave,Aurora,CO,80014,3,2.0,1327,2358.0,39.67106,-104.81664,Adams-Arapahoe 28J School District,432910.0,2424.0,17316.4,3537.0,2263.68,2754.9199999999983,1.78,77.80837209302327,16.370465116279068,5.282325581395349,55.53395348837209,0.7425581395348836,1.0704651162790697,6.084186046511626,14.91813953488372,-39.372093023255815
10006550,15381 E Arkansas Pl,Aurora,CO,80017,3,2.0,1296,2249.0,39.69101,-104.80859,Adams-Arapahoe 28J School District,324633.65,1818.0,12985.35,3373.5,2159.04,6652.110000000001,1.74,77.80837209302327,16.370465116279068,5.282325581395349,55.53395348837209,0.7425581395348836,1.0704651162790697,6.084186046511626,14.91813953488372,-39.372093023255815
10006818,1597 S Uvalda St,Aurora,CO,80012,4,2.0,1976,2604.0,39.68714,-104.83808,Adams-Arapahoe 28J School District,414829.95,2323.0,16593.2,3906.0,2499.84,5925.959999999999,1.32,77.80837209302327,16.370465116279068,5.282325581395349,55.53395348837209,0.7425581395348836,1.0704651162790697,6.084186046511626,14.91813953488372,-39.372093023255815
10007912,17739 Biscuit Root Dr,Parker,CO,80134,4,3.0,1670,2178.0,39.55575,-104.78287,Douglas County RE 1 School District,348050.0,1949.0,13922.0,3267.0,2090.88,4907.119999999999,1.3,10.782600000000002,1.2924,4.6368,13.5866,0.4134,0.10700000000000001,5.688199999999999,74.27559999999997,10.24
10008216,18290 E Hampden Pl,Aurora,CO,80013,5,4.0,2900,3095.0,39.65272,-104.77647,Cherry Creek 5 School District,319989.95,1792.0,12799.6,4642.5,2971.2000000000003,14934.699999999995,1.07,31.316206896551716,10.956379310344833,8.528620689655174,20.997586206896553,0.5799999999999998,0.26362068965517244,8.194137931034483,50.48,-29.53448275862069
10008339,18524 E Layton Pl,Aurora,CO,80015,5,2.0,1736,2845.0,39.62718,-104.77315,Cherry Creek 5 School District,362319.95,2029.0,14492.8,4267.5,2731.2000000000003,10619.5,1.64,31.316206896551716,10.956379310344833,8.528620689655174,20.997586206896553,0.5799999999999998,0.26362068965517244,8.194137931034483,50.48,-29.53448275862069
10008406,18753 E Utah Cir,Aurora,CO,80017,4,2.5,1622,2550.0,39.68331,-104.76979,Adams-Arapahoe 28J School District,335040.0,1876.0,13401.6,3825.0,2448.0,9049.4,1.57,77.80837209302327,16.370465116279068,5.282325581395349,55.53395348837209,0.7425581395348836,1.0704651162790697,6.084186046511626,14.91813953488372,-39.372093023255815
10008641,19176 E Oberlin Dr,Aurora,CO,80013,3,2.0,1800,2545.0,39.64047,-104.76544,Cherry Creek 5 School District,399020.0,2235.0,15960.8,3817.5,2443.2000000000003,6083.5,1.41,31.316206896551716,10.956379310344833,8.528620689655174,20.997586206896553,0.5799999999999998,0.26362068965517244,8.194137931034483,50.48,-29.53448275862069
10008753,19393 E Purdue Cir,Aurora,CO,80013,3,1.0,1230,2125.0,39.63917,-104.76173,Cherry Creek 5 School District,412938.25,2312.0,16517.53,3187.5,2040.0,1442.9700000000012,1.73,31.316206896551716,10.956379310344833,8.528620689655174,20.997586206896553,0.5799999999999998,0.26362068965517244,8.194137931034483,50.48,-29.53448275862069
10010266,2094 S Pagosa St,Aurora,CO,80013,5,3.0,2032,2575.0,39.67825,-104.78999,Adams-Arapahoe 28J School District,381124.95,2134.0,15245.0,3862.5,2472.0,7186.5,1.27,77.80837209302327,16.370465116279068,5.282325581395349,55.53395348837209,0.7425581395348836,1.0704651162790697,6.084186046511626,14.91813953488372,-39.372093023255815
10012896,2774 S Cathay Way,Aurora,CO,80013,4,4.0,2000,2645.0,39.6668,-104.7664,Cherry Creek 5 School District,350027.6,1960.0,14001.1,3967.5,2539.2000000000003,9272.199999999995,1.32,31.316206896551716,10.956379310344833,8.528620689655174,20.997586206896553,0.5799999999999998,0.26362068965517244,8.194137931034483,50.48,-29.53448275862069
10013434,2853 S Biscay Ct,Aurora,CO,80013,3,3.0,2175,2729.0,39.66289,-104.76883,Cherry Creek 5 School District,425825.05,2385.0,17033.0,4093.5,2619.84,6616.66,1.25,31.316206896551716,10.956379310344833,8.528620689655174,20.997586206896553,0.5799999999999998,0.26362068965517244,8.194137931034483,50.48,-29.53448275862069
10013527,2861 S Genoa St,Aurora,CO,80013,3,2.0,1920,2520.0,39.66526,-104.75811,Cherry Creek 5 School District,390337.5,2186.0,15613.5,3780.0,2419.2000000000003,6241.299999999999,1.31,31.316206896551716,10.956379310344833,8.528620689655174,20.997586206896553,0.5799999999999998,0.26362068965517244,8.194137931034483,50.48,-29.53448275862069
10013568,2881 S Olathe Ct,Aurora,CO,80013,4,3.0,1965,2540.0,39.66349,-104.79249,Adams-Arapahoe 28J School District,389870.0,2183.0,15594.8,3810.0,2438.4,6453.800000000003,1.29,77.80837209302327,16.370465116279068,5.282325581395349,55.53395348837209,0.7425581395348836,1.0704651162790697,6.084186046511626,14.91813953488372,-39.372093023255815
10013730,2924 S Argonne St,Aurora,CO,80013,3,2.0,1470,2573.0,39.66288,-104.76991,Cherry Creek 5 School District,424182.45,2375.0,16967.3,3859.5,2470.08,5204.120000000003,1.75,31.316206896551716,10.956379310344833,8.528620689655174,20.997586206896553,0.5799999999999998,0.26362068965517244,8.194137931034483,50.48,-29.53448275862069
10013807,2956 S Jasper St,Aurora,CO,80013,4,2.0,2016,2585.0,39.66266,-104.8055,Adams-Arapahoe 28J School District,390635.0,2188.0,15625.4,3877.5,2481.6,6847.5,1.28,77.80837209302327,16.370465116279068,5.282325581395349,55.53395348837209,0.7425581395348836,1.0704651162790697,6.084186046511626,14.91813953488372,-39.372093023255815
10031869,3155 S Idalia St,Aurora,CO,80013,4,2.0,1632,2550.0,39.65931,-104.80765,Adams-Arapahoe 28J School District,400152.3,2241.0,16006.09,3825.0,2448.0,6079.91,1.56,77.80837209302327,16.370465116279068,5.282325581395349,55.53395348837209,0.7425581395348836,1.0704651162790697,6.084186046511626,14.91813953488372,-39.372093023255815
10032464,3336 S Dunkirk Way,Aurora,CO,80013,4,2.0,2328,2550.0,39.6553,-104.7621,Cherry Creek 5 School District,443630.0,2484.0,17745.2,3825.0,2448.0,4097.799999999999,1.1,31.316206896551716,10.956379310344833,8.528620689655174,20.997586206896553,0.5799999999999998,0.26362068965517244,8.194137931034483,50.48,-29.53448275862069
10032994,3582 S Olathe St,Aurora,CO,80013,3,2.0,2300,2748.0,39.65202,-104.79438,Cherry Creek 5 School District,419682.5,2350.0,16787.3,4122.0,2638.08,7078.620000000003,1.19,31.316206896551716,10.956379310344833,8.528620689655174,20.997586206896553,0.5799999999999998,0.26362068965517244,8.194137931034483,50.48,-29.53448275862069
10033194,3680 S Danube Cir,Aurora,CO,80013,3,3.0,1288,2375.0,39.64944,-104.76285,Cherry Creek 5 School District,380704.0,2132.0,15228.16,3562.5,2280.0,5297.34,1.84,31.316206896551716,10.956379310344833,8.528620689655174,20.997586206896553,0.5799999999999998,0.26362068965517244,8.194137931034483,50.48,-29.53448275862069
10033440,3806 S Ouray Way,Aurora,CO,80013,3,2.0,1824,2515.0,39.64712,-104.79167,Cherry Creek 5 School District,421469.95,2360.0,16858.8,3772.5,2414.4,4774.300000000003,1.38,31.316206896551716,10.956379310344833,8.528620689655174,20.997586206896553,0.5799999999999998,0.26362068965517244,8.194137931034483,50.48,-29.53448275862069
10033472,2676 E 117th Way,Thornton,CO,80233,4,2.0,2142,2782.0,39.90905,-104.95226,Adams 12 Five Star Schools,412629.95,2311.0,16505.2,4173.0,2670.7200000000003,7724.079999999998,1.3,47.38558139534882,1.9074418604651164,4.725348837209301,47.0013953488372,0.5467441860465118,0.14232558139534884,3.318837209302326,42.35930232558139,-23.3953488372093
10033485,5225 E 123rd Ave,Thornton,CO,80241,5,2.0,1792,2685.0,39.91904,-104.92548,Adams 12 Five Star Schools,445367.45,2494.0,17814.7,4027.5,2577.6,5306.199999999997,1.5,47.38558139534882,1.9074418604651164,4.725348837209301,47.0013953488372,0.5467441860465118,0.14232558139534884,3.318837209302326,42.35930232558139,-23.3953488372093
10033487,5305 E 108th Pl,Thornton,CO,80233,4,2.0,1704,2418.0,39.893,-104.92445,Adams 12 Five Star Schools,421090.0,2358.0,16843.6,3627.0,2321.28,3866.1200000000026,1.42,47.38558139534882,1.9074418604651164,4.725348837209301,47.0013953488372,0.5467441860465118,0.14232558139534884,3.318837209302326,42.35930232558139,-23.3953488372093
10033650,3884 S Truckee Ct,Aurora,CO,80013,3,2.0,1732,2495.0,39.64293,-104.78044,Cherry Creek 5 School District,296660.0,1661.0,11866.4,3742.5,2395.2000000000003,10274.9,1.44,31.316206896551716,10.956379310344833,8.528620689655174,20.997586206896553,0.5799999999999998,0.26362068965517244,8.194137931034483,50.48,-29.53448275862069
10042133,4108 S Laredo Way,Aurora,CO,80013,5,3.0,2240,2595.0,39.64186,-104.8008,Cherry Creek 5 School District,410932.5,2301.0,16437.3,3892.5,2491.2000000000003,6018.0,1.16,31.316206896551716,10.956379310344833,8.528620689655174,20.997586206896553,0.5799999999999998,0.26362068965517244,8.194137931034483,50.48,-29.53448275862069
10042415,4157 S Olathe Way,Aurora,CO,80013,3,2.0,1742,2600.0,39.64136,-104.79427,Cherry Creek 5 School District,391020.0,2190.0,15640.8,3900.0,2496.0,6973.200000000001,1.49,31.316206896551716,10.956379310344833,8.528620689655174,20.997586206896553,0.5799999999999998,0.26362068965517244,8.194137931034483,50.48,-29.53448275862069
10042796,4323 Nepal St,Denver,CO,80249,4,2.0,1740,2335.0,39.77612,-104.74077,Denver County 1 School District,383234.95,2146.0,15329.4,3502.5,2241.6,4800.5,1.34,65.03672413793102,12.191293103448272,2.7722413793103446,53.5878448275862,0.7125000000000002,0.4012068965517242,3.7133620689655173,26.620603448275855,-34.31896551724138
10042826,4331 S Fundy St,Centennial,CO,80015,4,2.0,1816,2713.0,39.63676,-104.75775,Cherry Creek 5 School District,435127.25,2437.0,17405.09,4069.5,2604.48,6039.93,1.49,31.316206896551716,10.956379310344833,8.528620689655174,20.997586206896553,0.5799999999999998,0.26362068965517244,8.194137931034483,50.48,-29.53448275862069
10043355,453 S Nome Way,Aurora,CO,80012,4,2.0,1628,2425.0,39.70764,-104.85356,Cherry Creek 5 School District,378197.5,2118.0,15127.9,3637.5,2328.0,5888.599999999999,1.49,31.316206896551716,10.956379310344833,8.528620689655174,20.997586206896553,0.5799999999999998,0.26362068965517244,8.194137931034483,50.48,-29.53448275862069
10043560,4653 S Buckley Way,Aurora,CO,80015,3,2.0,1170,2176.0,39.63168,-104.79043,Cherry Creek 5 School District,349245.0,1956.0,13969.8,3264.0,2088.96,4833.240000000002,1.86,31.316206896551716,10.956379310344833,8.528620689655174,20.997586206896553,0.5799999999999998,0.26362068965517244,8.194137931034483,50.48,-29.53448275862069
10043581,4672 S Kittredge Way,Aurora,CO,80015,3,2.0,1976,2549.0,39.63089,-104.80109,Cherry Creek 5 School District,413754.5,2317.0,16550.18,3823.5,2447.04,5450.279999999999,1.29,31.316206896551716,10.956379310344833,8.528620689655174,20.997586206896553,0.5799999999999998,0.26362068965517244,8.194137931034483,50.48,-29.53448275862069
10043692,4752 S Yampa St,Aurora,CO,80015,3,2.0,1689,2544.0,39.62884,-104.77537,Cherry Creek 5 School District,376467.5,2108.0,15058.7,3816.0,2442.24,7103.059999999998,1.51,31.316206896551716,10.956379310344833,8.528620689655174,20.997586206896553,0.5799999999999998,0.26362068965517244,8.194137931034483,50.48,-29.53448275862069
10043776,4810 Flanders Way,Denver,CO,80249,4,2.5,1858,2350.0,39.78436,-104.76084,Denver County 1 School District,422049.4,2363.0,16881.98,3525.0,2256.0,3174.0200000000004,1.26,65.03672413793102,12.191293103448272,2.7722413793103446,53.5878448275862,0.7125000000000002,0.4012068965517242,3.7133620689655173,26.620603448275855,-34.31896551724138
10043791,4814 S Pagosa Way,Aurora,CO,80015,3,2.0,1238,2505.0,39.62868,-104.78937,Cherry Creek 5 School District,361395.0,2024.0,14455.8,3757.5,2404.8,7417.9000000000015,2.02,31.316206896551716,10.956379310344833,8.528620689655174,20.997586206896553,0.5799999999999998,0.26362068965517244,8.194137931034483,50.48,-29.53448275862069
10048271,5072 S Himalaya Ct,Aurora,CO,80015,3,3.0,1500,2540.0,39.62423,-104.75255,Cherry Creek 5 School District,453200.0,2538.0,18128.0,3810.0,2438.4,3565.5999999999985,1.69,31.316206896551716,10.956379310344833,8.528620689655174,20.997586206896553,0.5799999999999998,0.26362068965517244,8.194137931034483,50.48,-29.53448275862069
10049641,527 Leona Dr,Denver,CO,80221,3,3.0,1188,2425.0,39.84392,-104.99356,Adams 12 Five Star Schools,415932.5,2329.0,16637.3,3637.5,2328.0,4168.200000000001,2.04,47.38558139534882,1.9074418604651164,4.725348837209301,47.0013953488372,0.5467441860465118,0.14232558139534884,3.318837209302326,42.35930232558139,-23.3953488372093
10049802,5374 S Telluride Way,Centennial,CO,80015,4,2.5,2145,2628.0,39.61956,-104.78224,Cherry Creek 5 School District,463979.9,2598.0,18559.2,3942.0,2522.88,3913.9199999999983,1.23,31.316206896551716,10.956379310344833,8.528620689655174,20.997586206896553,0.5799999999999998,0.26362068965517244,8.194137931034483,50.48,-29.53448275862069
10049841,5406 Iris St,Arvada,CO,80002,4,2.0,1373,2525.0,39.79535,-105.10547,Jefferson County R-1 School District,490899.75,2749.0,19635.99,3787.5,2424.0,1703.5099999999984,1.84,37.161395348837225,1.4451937984496122,2.891472868217054,26.137131782945733,0.624031007751938,0.13503875968992252,4.070852713178295,64.696511627907,-23.294573643410853
10050170,5631 W 71st Cir,Arvada,CO,80003,4,2.5,1502,2913.0,39.826,-105.06,Jefferson County R-1 School District,424579.95,2378.0,16983.2,4369.5,2796.48,8428.82,1.94,37.161395348837225,1.4451937984496122,2.891472868217054,26.137131782945733,0.624031007751938,0.13503875968992252,4.070852713178295,64.696511627907,-23.294573643410853
10050266,5710 S Quatar Cir,Centennial,CO,80015,3,2.0,1361,2207.0,39.61232,-104.73445,Cherry Creek 5 School District,443754.95,2485.0,17750.2,3310.5,2118.7200000000003,819.5799999999981,1.62,31.316206896551716,10.956379310344833,8.528620689655174,20.997586206896553,0.5799999999999998,0.26362068965517244,8.194137931034483,50.48,-29.53448275862069
10050357,5798 W 110th Ave,Westminster,CO,80020,4,2.0,1975,2650.0,39.897,-105.061,Jefferson County R-1 School District,483890.0,2710.0,19355.6,3975.0,2544.0,3215.400000000001,1.34,37.161395348837225,1.4451937984496122,2.891472868217054,26.137131782945733,0.624031007751938,0.13503875968992252,4.070852713178295,64.696511627907,-23.294573643410853
10057034,6243 Westview Cir,Parker,CO,80134,5,3.0,2364,2737.0,39.4395,-104.77038,Douglas County RE 1 School District,494049.9,2767.0,19762.0,4105.5,2627.52,3581.98,1.16,10.782600000000002,1.2924,4.6368,13.5866,0.4134,0.10700000000000001,5.688199999999999,74.27559999999997,10.24
10057300,6324 W 92nd Pl,Westminster,CO,80031,4,2.0,1920,2760.0,39.864,-105.067,Jefferson County R-1 School District,425024.5,2380.0,17000.98,4140.0,2649.6,6949.419999999998,1.44,37.161395348837225,1.4451937984496122,2.891472868217054,26.137131782945733,0.624031007751938,0.13503875968992252,4.070852713178295,64.696511627907,-23.294573643410853
10062646,2954 S Idalia St,Aurora,CO,80013,4,2.0,1296,2490.0,39.66278,-104.80593,Adams-Arapahoe 28J School District,387880.0,2172.0,15515.2,3735.0,2390.4,6067.4000000000015,1.92,77.80837209302327,16.370465116279068,5.282325581395349,55.53395348837209,0.7425581395348836,1.0704651162790697,6.084186046511626,14.91813953488372,-39.372093023255815
10062657,4926 Fraser Way,Denver,CO,80239,4,3.0,2587,2831.0,39.78129,-104.81126,Denver County 1 School District,453675.0,2541.0,18147.0,4246.5,2717.76,6319.739999999998,1.09,65.03672413793102,12.191293103448272,2.7722413793103446,53.5878448275862,0.7125000000000002,0.4012068965517242,3.7133620689655173,26.620603448275855,-34.31896551724138
10062670,16901 E Eastman Pl,Aurora,CO,80013,3,1.5,1662,2285.0,39.65799,-104.79023,Adams-Arapahoe 28J School District,412408.6,2309.0,16496.34,3427.5,2193.6,2993.5599999999977,1.37,77.80837209302327,16.370465116279068,5.282325581395349,55.53395348837209,0.7425581395348836,1.0704651162790697,6.084186046511626,14.91813953488372,-39.372093023255815
10062677,11620 Oakland Dr,Henderson,CO,80640,3,1.5,1420,2339.0,39.90825,-104.84968,Brighton 27J School District,425300.0,2382.0,17012.0,3508.5,2245.44,2920.0599999999977,1.65,44.028888888888886,2.2016666666666667,2.924444444444445,53.73777777777777,0.3066666666666667,0.1738888888888889,2.99888888888889,37.654444444444444,-48.05555555555556
10062703,12774 E 31st Ave,Aurora,CO,80011,3,2.0,2180,2580.0,39.75939,-104.84033,Adams-Arapahoe 28J School District,399427.45,2237.0,15977.1,3870.0,2476.8,6399.099999999999,1.18,77.80837209302327,16.370465116279068,5.282325581395349,55.53395348837209,0.7425581395348836,1.0704651162790697,6.084186046511626,14.91813953488372,-39.372093023255815
10062714,4338 Deephaven Ct,Denver,CO,80239,4,2.5,2247,2725.0,39.77565,-104.82321,Denver County 1 School District,373499.85,2092.0,14939.99,4087.5,2616.0,8964.510000000002,1.21,65.03672413793102,12.191293103448272,2.7722413793103446,53.5878448275862,0.7125000000000002,0.4012068965517242,3.7133620689655173,26.620603448275855,-34.31896551724138
10062738,8610 Ogden St,Denver,CO,80229,3,3.0,2528,2745.0,39.85345,-104.97501,Adams 12 Five Star Schools,289435.0,1621.0,11577.4,4117.5,2635.2000000000003,12988.9,1.09,47.38558139534882,1.9074418604651164,4.725348837209301,47.0013953488372,0.5467441860465118,0.14232558139534884,3.318837209302326,42.35930232558139,-23.3953488372093
10062783,5174 Sable St,Denver,CO,80239,4,2.0,1395,2342.0,39.78804,-104.82032,Denver County 1 School District,398855.0,2234.0,15954.2,3513.0,2248.32,4154.48,1.68,65.03672413793102,12.191293103448272,2.7722413793103446,53.5878448275862,0.7125000000000002,0.4012068965517242,3.7133620689655173,26.620603448275855,-34.31896551724138
10062799,18868 E 52nd Ave,Denver,CO,80249,2,2.5,1524,2451.0,39.79129,-104.76729,Denver County 1 School District,406434.95,2276.0,16257.4,3676.5,2352.96,4849.139999999999,1.61,65.03672413793102,12.191293103448272,2.7722413793103446,53.5878448275862,0.7125000000000002,0.4012068965517242,3.7133620689655173,26.620603448275855,-34.31896551724138
10062812,10017 Beach St,Denver,CO,80260,3,2.0,1320,2330.0,39.87954,-105.01733,Adams 12 Five Star Schools,356355.0,1996.0,14254.2,3495.0,2236.8,5978.0,1.77,47.38558139534882,1.9074418604651164,4.725348837209301,47.0013953488372,0.5467441860465118,0.14232558139534884,3.318837209302326,42.35930232558139,-23.3953488372093
10062824,2361 Stacy Dr,Denver,CO,80221,3,2.0,1650,2365.0,39.84679,-105.01484,Westminster 50 School District,239260.0,1340.0,9570.4,3547.5,2270.4,11651.7,1.43,80.54846153846155,1.94,3.9353846153846153,74.72769230769231,0.6761538461538461,0.5938461538461538,2.2469230769230766,15.878461538461538,-19.692307692307693
10062827,4258 S Pitkin St,Aurora,CO,80013,3,2.0,1650,1950.0,39.63963,-104.78793,Cherry Creek 5 School District,334528.6,1873.0,13381.14,2925.0,1872.0,3348.8600000000006,1.18,31.316206896551716,10.956379310344833,8.528620689655174,20.997586206896553,0.5799999999999998,0.26362068965517244,8.194137931034483,50.48,-29.53448275862069
10062838,4981 N Silverlace Dr,Castle Rock,CO,80109,3,3.0,2108,2610.0,39.4109,-104.89674,Douglas County RE 1 School District,472222.45,2644.0,18888.9,3915.0,2505.6,3366.5,1.24,10.782600000000002,1.2924,4.6368,13.5866,0.4134,0.10700000000000001,5.688199999999999,74.27559999999997,10.24
10062848,3166 S Olathe Way,Aurora,CO,80013,3,2.0,2048,2442.0,39.65927,-104.79247,Adams-Arapahoe 28J School District,403463.6,2259.0,16138.54,3663.0,2344.32,4899.139999999999,1.19,77.80837209302327,16.370465116279068,5.282325581395349,55.53395348837209,0.7425581395348836,1.0704651162790697,6.084186046511626,14.91813953488372,-39.372093023255815
10062853,9809 Castle Ridge Cir,Highlands Ranch,CO,80129,4,3.0,1838,2765.0,39.53929,-105.01939,Douglas County RE 1 School District,541927.45,3035.0,21677.1,4147.5,2654.4,1666.0,1.5,10.782600000000002,1.2924,4.6368,13.5866,0.4134,0.10700000000000001,5.688199999999999,74.27559999999997,10.24
10062886,2416 S Memphis Way,Aurora,CO,80013,4,2.0,1764,2415.0,39.67214,-104.79639,Adams-Arapahoe 28J School District,376925.0,2111.0,15077.0,3622.5,2318.4,5851.099999999999,1.37,77.80837209302327,16.370465116279068,5.282325581395349,55.53395348837209,0.7425581395348836,1.0704651162790697,6.084186046511626,14.91813953488372,-39.372093023255815
10062907,11644 Community Center Dr Unit # 126,Denver,CO,80233,4,3.0,2130,2420.0,39.90763,-104.98418,Adams 12 Five Star Schools,321545.0,1801.0,12861.8,3630.0,2323.2000000000003,8424.0,1.14,47.38558139534882,1.9074418604651164,4.725348837209301,47.0013953488372,0.5467441860465118,0.14232558139534884,3.318837209302326,42.35930232558139,-23.3953488372093
10062918,1360 S Tejon St,Denver,CO,80223,3,2.0,1887,2880.0,39.692,-105.01143,Denver County 1 School District,420979.9,2357.0,16839.2,4320.0,2764.8,8279.0,1.53,65.03672413793102,12.191293103448272,2.7722413793103446,53.5878448275862,0.7125000000000002,0.4012068965517242,3.7133620689655173,26.620603448275855,-34.31896551724138
10062934,8945 Field St #64,Westminster,CO,80021,2,2.0,1340,2095.0,39.85907,-105.09907,Jefferson County R-1 School District,343912.5,1926.0,13756.5,3142.5,2011.2,4303.799999999999,1.56,37.161395348837225,1.4451937984496122,2.891472868217054,26.137131782945733,0.624031007751938,0.13503875968992252,4.070852713178295,64.696511627907,-23.294573643410853
10062936,4326 Wyandot St,Denver,CO,80211,3,2.0,1752,2887.0,39.776,-105.01437,Denver County 1 School District,720665.0,4036.0,28826.6,4330.5,2771.52,-5320.619999999995,1.65,65.03672413793102,12.191293103448272,2.7722413793103446,53.5878448275862,0.7125000000000002,0.4012068965517242,3.7133620689655173,26.620603448275855,-34.31896551724138
10062941,4751 Carson St,Denver,CO,80239,2,1.0,1513,2085.0,39.78123,-104.83142,Denver County 1 School District,386685.0,2165.0,15467.4,3127.5,2001.6,2258.5,1.38,65.03672413793102,12.191293103448272,2.7722413793103446,53.5878448275862,0.7125000000000002,0.4012068965517242,3.7133620689655173,26.620603448275855,-34.31896551724138
10062992,9174 Lander St,Westminster,CO,80031,3,2.0,1850,2595.0,39.86244,-105.03037,Westminster 50 School District,403129.95,2258.0,16125.2,3892.5,2491.2000000000003,6373.099999999999,1.4,80.54846153846155,1.94,3.9353846153846153,74.72769230769231,0.6761538461538461,0.5938461538461538,2.2469230769230766,15.878461538461538,-19.692307692307693
10062993,1360 S Kendall St,Lakewood,CO,80232,3,2.0,1820,2568.0,39.693,-105.065,Jefferson County R-1 School District,450325.0,2522.0,18013.0,3852.0,2465.28,3963.720000000001,1.41,37.161395348837225,1.4451937984496122,2.891472868217054,26.137131782945733,0.624031007751938,0.13503875968992252,4.070852713178295,64.696511627907,-23.294573643410853
10063013,5188 Duluth Ct,Denver,CO,80239,4,2.0,1576,2305.0,39.78765,-104.8184,Denver County 1 School District,397735.0,2227.0,15909.4,3457.5,2212.8,3853.2999999999993,1.46,65.03672413793102,12.191293103448272,2.7722413793103446,53.5878448275862,0.7125000000000002,0.4012068965517242,3.7133620689655173,26.620603448275855,-34.31896551724138
10063014,5564 Worchester St,Denver,CO,80239,3,2.0,1680,2375.0,39.79604,-104.83049,Denver County 1 School District,371995.0,2083.0,14879.8,3562.5,2280.0,5694.700000000001,1.41,65.03672413793102,12.191293103448272,2.7722413793103446,53.5878448275862,0.7125000000000002,0.4012068965517242,3.7133620689655173,26.620603448275855,-34.31896551724138
10063041,3787 S Quintero Cir,Aurora,CO,80013,4,2.0,1738,2530.0,39.64839,-104.78744,Cherry Creek 5 School District,370002.5,2072.0,14800.1,3795.0,2428.8,7264.0999999999985,1.46,31.316206896551716,10.956379310344833,8.528620689655174,20.997586206896553,0.5799999999999998,0.26362068965517244,8.194137931034483,50.48,-29.53448275862069
10063072,7279 Dome Rock Rd,Littleton,CO,80125,3,2.0,1897,2866.0,39.46731,-105.07512,Douglas County RE 1 School District,576515.0,3228.0,23060.6,4299.0,2751.36,1053.0400000000009,1.51,10.782600000000002,1.2924,4.6368,13.5866,0.4134,0.10700000000000001,5.688199999999999,74.27559999999997,10.24
10063080,18551 E Tanforan Pl,Aurora,CO,80015,2,2.0,1695,2590.0,39.62965,-104.7736,Cherry Creek 5 School District,384492.45,2153.0,15379.7,3885.0,2486.4,7175.9000000000015,1.53,31.316206896551716,10.956379310344833,8.528620689655174,20.997586206896553,0.5799999999999998,0.26362068965517244,8.194137931034483,50.48,-29.53448275862069
10063101,3922 Licorice Ct,Castle Rock,CO,80109,3,3.0,2151,2788.0,39.41599,-104.90481,Douglas County RE 1 School District,504974.95,2828.0,20199.0,4182.0,2676.48,3570.5200000000004,1.3,10.782600000000002,1.2924,4.6368,13.5866,0.4134,0.10700000000000001,5.688199999999999,74.27559999999997,10.24
10063129,13420 W 73rd Ave,Arvada,CO,80005,3,3.0,2267,3220.0,39.8295,-105.14905,Jefferson County R-1 School District,587845.0,3292.0,23513.8,4830.0,3091.2000000000003,3913.0,1.42,37.161395348837225,1.4451937984496122,2.891472868217054,26.137131782945733,0.624031007751938,0.13503875968992252,4.070852713178295,64.696511627907,-23.294573643410853
10063139,5361 S Hickory St,Littleton,CO,80120,4,2.0,2250,2700.0,39.61946,-105.00021,Littleton 6 School District,337035.0,1887.0,13481.4,4050.0,2592.0,10389.6,1.2,20.789,1.462,2.4234999999999993,19.472499999999997,0.35200000000000004,0.15000000000000005,4.6905,71.4485,-15.7
10063142,19106 E Carmel Cir,Aurora,CO,80011,3,3.0,2148,2550.0,39.74906,-104.76429,Adams-Arapahoe 28J School District,393460.0,2203.0,15738.4,3825.0,2448.0,6385.599999999999,1.19,77.80837209302327,16.370465116279068,5.282325581395349,55.53395348837209,0.7425581395348836,1.0704651162790697,6.084186046511626,14.91813953488372,-39.372093023255815
10063145,9954 Columbine St,Thornton,CO,80229,5,2.0,2022,2510.0,39.87702,-104.95707,Mapleton 1 School District,421045.0,2358.0,16841.8,3765.0,2409.6,4745.599999999999,1.24,51.248000000000005,0.924,1.494,65.608,0.506,0.10400000000000001,1.7280000000000002,9.636,-14.8
10063162,17898 E Arizona Ave,Aurora,CO,80017,2,2.0,2012,2492.0,39.69421,-104.77842,Adams-Arapahoe 28J School District,293327.5,1643.0,11733.1,3738.0,2392.32,10397.580000000002,1.24,77.80837209302327,16.370465116279068,5.282325581395349,55.53395348837209,0.7425581395348836,1.0704651162790697,6.084186046511626,14.91813953488372,-39.372093023255815
10063166,21480 E 44th Ave,Denver,CO,80249,3,3.0,1876,2704.0,39.77735,-104.73886,Denver County 1 School District,375984.45,2106.0,15039.38,4056.0,2595.84,8650.779999999999,1.44,65.03672413793102,12.191293103448272,2.7722413793103446,53.5878448275862,0.7125000000000002,0.4012068965517242,3.7133620689655173,26.620603448275855,-34.31896551724138
10063180,8141 Stuart St,Westminster,CO,80031,3,2.0,1802,2497.0,39.84399,-105.04689,Westminster 50 School District,325659.35,1824.0,13026.37,3745.5,2397.12,8971.009999999998,1.39,80.54846153846155,1.94,3.9353846153846153,74.72769230769231,0.6761538461538461,0.5938461538461538,2.2469230769230766,15.878461538461538,-19.692307692307693
10063181,8011 Stuart Pl,Westminster,CO,80031,3,2.0,1920,2550.0,39.84268,-105.04667,Westminster 50 School District,302114.4,1692.0,12084.58,3825.0,2448.0,10550.419999999998,1.33,80.54846153846155,1.94,3.9353846153846153,74.72769230769231,0.6761538461538461,0.5938461538461538,2.2469230769230766,15.878461538461538,-19.692307692307693
10063182,2280 Mable Ave,Denver,CO,80229,3,1.0,2450,2195.0,39.84991,-104.9599,Mapleton 1 School District,333903.65,1870.0,13356.15,3292.5,2107.2,5714.1500000000015,0.9,51.248000000000005,0.924,1.494,65.608,0.506,0.10400000000000001,1.7280000000000002,9.636,-14.8
10063274,19743 E 49th Ave,Denver,CO,80249,2,2.5,1524,2395.0,39.78557,-104.75974,Denver County 1 School District,420535.0,2355.0,16821.4,3592.5,2299.2000000000003,3671.899999999998,1.57,65.03672413793102,12.191293103448272,2.7722413793103446,53.5878448275862,0.7125000000000002,0.4012068965517242,3.7133620689655173,26.620603448275855,-34.31896551724138
10063278,6362 Freeport Dr,Highlands Ranch,CO,80130,3,2.0,1882,2595.0,39.55345,-104.9152,Douglas County RE 1 School District,460708.75,2580.0,18428.35,3892.5,2491.2000000000003,3747.9500000000007,1.38,10.782600000000002,1.2924,4.6368,13.5866,0.4134,0.10700000000000001,5.688199999999999,74.27559999999997,10.24
10063279,16823 Blue Mist Cir,Parker,CO,80134,3,2.0,2176,2575.0,39.56166,-104.79365,Douglas County RE 1 School District,389095.0,2179.0,15563.8,3862.5,2472.0,6822.700000000001,1.18,10.782600000000002,1.2924,4.6368,13.5866,0.4134,0.10700000000000001,5.688199999999999,74.27559999999997,10.24
10063283,11798 W Marlowe Ave,Morrison,CO,80465,4,2.5,2404,2933.0,39.632,-105.129,Jefferson County R-1 School District,430457.5,2411.0,17218.3,4399.5,2815.68,8351.52,1.22,37.161395348837225,1.4451937984496122,2.891472868217054,26.137131782945733,0.624031007751938,0.13503875968992252,4.070852713178295,64.696511627907,-23.294573643410853
10063301,7407 Shoreham Dr,Castle Pines,CO,80108,4,2.5,3528,3431.0,39.47021,-104.89244,Douglas County RE 1 School District,661145.0,3702.0,26445.8,5146.5,3293.76,2583.9400000000023,0.97,10.782600000000002,1.2924,4.6368,13.5866,0.4134,0.10700000000000001,5.688199999999999,74.27559999999997,10.24
10063354,9735 Garwood St,Littleton,CO,80125,3,3.0,1327,2100.0,39.47512,-105.06784,Douglas County RE 1 School District,469085.0,2627.0,18763.4,3150.0,2016.0,-1356.4000000000017,1.58,10.782600000000002,1.2924,4.6368,13.5866,0.4134,0.10700000000000001,5.688199999999999,74.27559999999997,10.24
10063380,3804 S Rome Way,Aurora,CO,80018,4,3.0,2349,2785.0,39.64753,-104.73028,Cherry Creek 5 School District,480040.0,2688.0,19201.6,4177.5,2673.6,4679.300000000003,1.19,31.316206896551716,10.956379310344833,8.528620689655174,20.997586206896553,0.5799999999999998,0.26362068965517244,8.194137931034483,50.48,-29.53448275862069
10063388,206 N Coolidge Way,Aurora,CO,80018,4,2.5,3114,3029.0,39.72117,-104.70905,Adams-Arapahoe 28J School District,499992.5,2800.0,19999.7,4543.5,2907.84,6096.959999999999,0.97,77.80837209302327,16.370465116279068,5.282325581395349,55.53395348837209,0.7425581395348836,1.0704651162790697,6.084186046511626,14.91813953488372,-39.372093023255815
10063789,7375 Braun Way,Arvada,CO,80005,3,3.0,1967,2845.0,39.83056,-105.15157,Jefferson County R-1 School District,542720.0,3039.0,21708.8,4267.5,2731.2000000000003,2393.5,1.45,37.161395348837225,1.4451937984496122,2.891472868217054,26.137131782945733,0.624031007751938,0.13503875968992252,4.070852713178295,64.696511627907,-23.294573643410853
10063940,13157 E Dakota Ave,Aurora,CO,80012,3,2.0,1679,2305.0,39.70836,-104.83612,Adams-Arapahoe 28J School District,416322.5,2331.0,16652.9,3457.5,2212.8,3005.7999999999997,1.37,77.80837209302327,16.370465116279068,5.282325581395349,55.53395348837209,0.7425581395348836,1.0704651162790697,6.084186046511626,14.91813953488372,-39.372093023255815
10063957,16166 E Exposition Dr,Aurora,CO,80017,3,2.0,1920,2625.0,39.70348,-104.79943,Adams-Arapahoe 28J School District,386530.0,2165.0,15461.2,3937.5,2520.0,7416.299999999999,1.37,77.80837209302327,16.370465116279068,5.282325581395349,55.53395348837209,0.7425581395348836,1.0704651162790697,6.084186046511626,14.91813953488372,-39.372093023255815
10063961,10530 E 10th Ave,Aurora,CO,80010,3,3.0,2240,2590.0,39.73082,-104.86475,Adams-Arapahoe 28J School District,356444.95,1996.0,14257.8,3885.0,2486.4,8454.800000000003,1.16,77.80837209302327,16.370465116279068,5.282325581395349,55.53395348837209,0.7425581395348836,1.0704651162790697,6.084186046511626,14.91813953488372,-39.372093023255815
10063963,3591 Morning Glory Dr,Castle Rock,CO,80109,3,2.5,2172,3028.0,39.41661,-104.89987,Douglas County RE 1 School District,494619.95,2770.0,19784.8,4542.0,2906.88,6332.32,1.39,10.782600000000002,1.2924,4.6368,13.5866,0.4134,0.10700000000000001,5.688199999999999,74.27559999999997,10.24
10063970,4702 Orleans St,Denver,CO,80249,3,2.5,1709,2490.0,39.7814,-104.73679,Denver County 1 School District,395354.95,2214.0,15814.2,3735.0,2390.4,5726.4000000000015,1.46,65.03672413793102,12.191293103448272,2.7722413793103446,53.5878448275862,0.7125000000000002,0.4012068965517242,3.7133620689655173,26.620603448275855,-34.31896551724138
10063975,3625 Fairfax St,Denver,CO,80207,3,1.5,1355,2365.0,39.76798,-104.92849,Denver County 1 School District,472075.0,2644.0,18883.0,3547.5,2270.4,1035.0999999999983,1.75,65.03672413793102,12.191293103448272,2.7722413793103446,53.5878448275862,0.7125000000000002,0.4012068965517242,3.7133620689655173,26.620603448275855,-34.31896551724138
10063986,10744 Moore Cir,Westminster,CO,80021,3,1.5,1632,2475.0,39.89202,-105.11254,Jefferson County R-1 School District,424694.95,2378.0,16987.8,3712.5,2376.0,4245.700000000001,1.52,37.161395348837225,1.4451937984496122,2.891472868217054,26.137131782945733,0.624031007751938,0.13503875968992252,4.070852713178295,64.696511627907,-23.294573643410853
10064013,8497 Wild Alfalfa Pl,Parker,CO,80134,4,2.0,1668,2300.0,39.56277,-104.79805,Douglas County RE 1 School District,418828.85,2345.0,16753.15,3450.0,2208.0,2843.8499999999985,1.38,10.782600000000002,1.2924,4.6368,13.5866,0.4134,0.10700000000000001,5.688199999999999,74.27559999999997,10.24
10064036,176 Monares Ln,Erie,CO,80516,5,4.0,2645,2899.0,40.04116,-105.0387,St. Vrain Valley RE 1J School District,441894.9,2475.0,17675.8,4348.5,2783.04,7505.66,1.1,9.261999999999999,0.8799999999999999,3.5759999999999996,12.229999999999999,0.20600000000000002,0.07,2.9699999999999998,80.066,11.8
10064043,3690 Magnolia St,Denver,CO,80207,3,1.0,1544,2165.0,39.76843,-104.91145,Denver County 1 School District,498887.45,2794.0,19955.5,3247.5,2078.4,-2095.400000000001,1.4,65.03672413793102,12.191293103448272,2.7722413793103446,53.5878448275862,0.7125000000000002,0.4012068965517242,3.7133620689655173,26.620603448275855,-34.31896551724138
10064060,574 S Joplin St,Aurora,CO,80017,3,2.0,1596,2490.0,39.70518,-104.80328,Adams-Arapahoe 28J School District,337550.0,1890.0,13502.0,3735.0,2390.4,8362.599999999999,1.56,77.80837209302327,16.370465116279068,5.282325581395349,55.53395348837209,0.7425581395348836,1.0704651162790697,6.084186046511626,14.91813953488372,-39.372093023255815
10064086,2655 Atchison St,Aurora,CO,80011,3,1.5,1285,2085.0,39.75506,-104.82432,Adams-Arapahoe 28J School District,372444.5,2086.0,14897.78,3127.5,2001.6,2907.119999999999,1.62,77.80837209302327,16.370465116279068,5.282325581395349,55.53395348837209,0.7425581395348836,1.0704651162790697,6.084186046511626,14.91813953488372,-39.372093023255815
10064107,4642 Malaya St,Denver,CO,80249,3,2.0,1610,2296.0,39.78064,-104.74189,Denver County 1 School District,380709.45,2132.0,15228.38,3444.0,2204.16,4543.459999999999,1.43,65.03672413793102,12.191293103448272,2.7722413793103446,53.5878448275862,0.7125000000000002,0.4012068965517242,3.7133620689655173,26.620603448275855,-34.31896551724138
10064108,14531 E Gunnison Pl,Aurora,CO,80012,3,2.5,1868,2545.0,39.68879,-104.81826,Adams-Arapahoe 28J School District,366835.0,2054.0,14673.4,3817.5,2443.2000000000003,7551.9000000000015,1.36,77.80837209302327,16.370465116279068,5.282325581395349,55.53395348837209,0.7425581395348836,1.0704651162790697,6.084186046511626,14.91813953488372,-39.372093023255815
10064112,18895 E Utah Cir,Aurora,CO,80017,3,2.0,1602,2445.0,39.68272,-104.76847,Adams-Arapahoe 28J School District,340590.0,1907.0,13623.6,3667.5,2347.2000000000003,7794.699999999997,1.53,77.80837209302327,16.370465116279068,5.282325581395349,55.53395348837209,0.7425581395348836,1.0704651162790697,6.084186046511626,14.91813953488372,-39.372093023255815
10064128,15682 E Colorado Ave,Aurora,CO,80017,3,1.5,1168,1995.0,39.6844,-104.80583,Adams-Arapahoe 28J School District,279534.5,1565.0,11181.38,2992.5,1915.2,6285.920000000002,1.71,77.80837209302327,16.370465116279068,5.282325581395349,55.53395348837209,0.7425581395348836,1.0704651162790697,6.084186046511626,14.91813953488372,-39.372093023255815
10064134,1205 Bluebird St,Brighton,CO,80601,3,2.0,1470,2325.0,39.9696,-104.83738,Brighton 27J School District,377390.0,2113.0,15095.6,3487.5,2232.0,4971.9000000000015,1.58,44.028888888888886,2.2016666666666667,2.924444444444445,53.73777777777777,0.3066666666666667,0.1738888888888889,2.99888888888889,37.654444444444444,-48.05555555555556
10064165,21103 E 45th Ave,Denver,CO,80249,3,2.0,1677,2296.0,39.77863,-104.74134,Denver County 1 School District,375939.4,2105.0,15037.58,3444.0,2204.16,4761.260000000002,1.37,65.03672413793102,12.191293103448272,2.7722413793103446,53.5878448275862,0.7125000000000002,0.4012068965517242,3.7133620689655173,26.620603448275855,-34.31896551724138
10064179,5842 S Orleans Way,Centennial,CO,80015,3,2.0,1431,2500.0,39.61056,-104.73639,Cherry Creek 5 School District,441502.45,2472.0,17660.1,3750.0,2400.0,3717.9000000000015,1.75,31.316206896551716,10.956379310344833,8.528620689655174,20.997586206896553,0.5799999999999998,0.26362068965517244,8.194137931034483,50.48,-29.53448275862069
10064180,240 Bonanza Dr,Erie,CO,80516,4,2.5,1997,2915.0,40.00396,-105.03676,St. Vrain Valley RE 1J School District,499895.0,2799.0,19995.8,4372.5,2798.4,5014.300000000003,1.46,9.261999999999999,0.8799999999999999,3.5759999999999996,12.229999999999999,0.20600000000000002,0.07,2.9699999999999998,80.066,11.8
10064195,4509 Andes St,Denver,CO,80249,3,2.5,1650,2460.0,39.77975,-104.77171,Denver County 1 School District,391048.8,2190.0,15641.95,3690.0,2361.6,5636.449999999997,1.49,65.03672413793102,12.191293103448272,2.7722413793103446,53.5878448275862,0.7125000000000002,0.4012068965517242,3.7133620689655173,26.620603448275855,-34.31896551724138
10064210,17306 E Mansfield Ave,Aurora,CO,80013,4,2.0,1569,2675.0,39.64554,-104.78758,Cherry Creek 5 School District,320815.0,1797.0,12832.6,4012.5,2568.0,10889.9,1.7,31.316206896551716,10.956379310344833,8.528620689655174,20.997586206896553,0.5799999999999998,0.26362068965517244,8.194137931034483,50.48,-29.53448275862069
10064214,5252 E 111th Pl,Thornton,CO,80233,3,2.0,2230,2850.0,39.89775,-104.92555,Adams 12 Five Star Schools,410728.25,2300.0,16429.13,4275.0,2736.0,8459.869999999999,1.28,47.38558139534882,1.9074418604651164,4.725348837209301,47.0013953488372,0.5467441860465118,0.14232558139534884,3.318837209302326,42.35930232558139,-23.3953488372093
10064246,8485 Prairie Clover Way,Parker,CO,80134,3,2.0,1576,2330.0,39.56301,-104.79547,Douglas County RE 1 School District,387640.0,2171.0,15505.6,3495.0,2236.8,4551.599999999999,1.48,10.782600000000002,1.2924,4.6368,13.5866,0.4134,0.10700000000000001,5.688199999999999,74.27559999999997,10.24
10064269,13115 Mercury Dr,Littleton,CO,80124,3,2.0,1769,2693.0,39.55175,-104.89382,Douglas County RE 1 School District,582160.0,3260.0,23286.4,4039.5,2585.28,-855.1800000000003,1.52,10.782600000000002,1.2924,4.6368,13.5866,0.4134,0.10700000000000001,5.688199999999999,74.27559999999997,10.24
10064296,5677 S Oak St,Littleton,CO,80127,4,2.0,1808,2700.0,39.613,-105.12,Jefferson County R-1 School District,496945.0,2783.0,19877.8,4050.0,2592.0,3097.2000000000007,1.49,37.161395348837225,1.4451937984496122,2.891472868217054,26.137131782945733,0.624031007751938,0.13503875968992252,4.070852713178295,64.696511627907,-23.294573643410853
10064325,12386 Roslyn Way,Thornton,CO,80602,3,2.5,4198,3385.0,39.92025,-104.89972,Brighton 27J School District,633074.95,3545.0,25323.0,5077.5,3249.6,3424.900000000001,0.81,44.028888888888886,2.2016666666666667,2.924444444444445,53.73777777777777,0.3066666666666667,0.1738888888888889,2.99888888888889,37.654444444444444,-48.05555555555556
10064326,4558 Biscay St,Denver,CO,80249,3,2.0,1799,2385.0,39.7791,-104.76667,Denver County 1 School District,386880.0,2167.0,15475.2,3577.5,2289.6,5110.699999999997,1.33,65.03672413793102,12.191293103448272,2.7722413793103446,53.5878448275862,0.7125000000000002,0.4012068965517242,3.7133620689655173,26.620603448275855,-34.31896551724138
10064377,11027 Chesmore St,Highlands Ranch,CO,80130,3,2.5,2626,2925.0,39.51553,-104.94105,Douglas County RE 1 School District,767030.0,4295.0,30681.2,4387.5,2808.0,-7071.699999999997,1.11,10.782600000000002,1.2924,4.6368,13.5866,0.4134,0.10700000000000001,5.688199999999999,74.27559999999997,10.24
10064398,22226 E Oberlin Pl,Aurora,CO,80018,3,2.5,2998,2888.0,39.64165,-104.72837,Cherry Creek 5 School District,456465.0,2556.0,18258.6,4332.0,2772.48,6736.920000000002,0.96,31.316206896551716,10.956379310344833,8.528620689655174,20.997586206896553,0.5799999999999998,0.26362068965517244,8.194137931034483,50.48,-29.53448275862069
10064529,9499 Sherrelwood Ln,Highlands Ranch,CO,80126,4,3.0,2049,2650.0,39.54443,-104.97537,Douglas County RE 1 School District,486865.0,2726.0,19474.6,3975.0,2544.0,3080.400000000001,1.29,10.782600000000002,1.2924,4.6368,13.5866,0.4134,0.10700000000000001,5.688199999999999,74.27559999999997,10.24
10064580,3280 Queen Ct,Broomfield,CO,80020,3,3.0,1739,2525.0,39.92959,-105.02897,Adams 12 Five Star Schools,438640.0,2456.0,17545.6,3787.5,2424.0,4086.9000000000015,1.45,47.38558139534882,1.9074418604651164,4.725348837209301,47.0013953488372,0.5467441860465118,0.14232558139534884,3.318837209302326,42.35930232558139,-23.3953488372093
10064593,6424 W 115th Ave,Westminster,CO,80020,3,2.0,1344,2199.0,39.90394,-105.06804,Jefferson County R-1 School District,437186.85,2448.0,17487.47,3298.5,2111.04,1042.989999999998,1.64,37.161395348837225,1.4451937984496122,2.891472868217054,26.137131782945733,0.624031007751938,0.13503875968992252,4.070852713178295,64.696511627907,-23.294573643410853
10064613,11303 Haswell Ct,Parker,CO,80134,4,2.5,1687,2595.0,39.51924,-104.78172,Douglas County RE 1 School District,548129.45,3070.0,21925.18,3892.5,2491.2000000000003,-238.88000000000105,1.54,10.782600000000002,1.2924,4.6368,13.5866,0.4134,0.10700000000000001,5.688199999999999,74.27559999999997,10.24
10064617,10820 Utica Ct,Westminster,CO,80031,3,2.0,1509,2550.0,39.89445,-105.04502,Adams 12 Five Star Schools,531820.0,2978.0,21272.8,3825.0,2448.0,76.20000000000073,1.69,47.38558139534882,1.9074418604651164,4.725348837209301,47.0013953488372,0.5467441860465118,0.14232558139534884,3.318837209302326,42.35930232558139,-23.3953488372093
10064659,13561 Vallejo St,Westminster,CO,80234,3,2.0,1407,2325.0,39.94125,-105.01434,Adams 12 Five Star Schools,494730.0,2770.0,19789.2,3487.5,2232.0,-378.7000000000007,1.65,47.38558139534882,1.9074418604651164,4.725348837209301,47.0013953488372,0.5467441860465118,0.14232558139534884,3.318837209302326,42.35930232558139,-23.3953488372093
10064665,12116 Grape St,Thornton,CO,80241,4,3.0,1813,2390.0,39.91627,-104.92404,Adams 12 Five Star Schools,447562.5,2506.0,17902.5,3585.0,2294.4,2392.0999999999985,1.32,47.38558139534882,1.9074418604651164,4.725348837209301,47.0013953488372,0.5467441860465118,0.14232558139534884,3.318837209302326,42.35930232558139,-23.3953488372093
10066638,845 W 101st Pl,Northglenn,CO,80260,3,2.0,900,2100.0,39.88014,-104.9973,Adams 12 Five Star Schools,426099.95,2386.0,17044.0,3150.0,2016.0,604.0,2.33,47.38558139534882,1.9074418604651164,4.725348837209301,47.0013953488372,0.5467441860465118,0.14232558139534884,3.318837209302326,42.35930232558139,-23.3953488372093
10066807,8697 W 86th Cir,Arvada,CO,80005,4,2.0,924,2340.0,39.854,-105.09,Jefferson County R-1 School District,342083.65,1916.0,13683.35,3510.0,2246.4,6724.25,2.53,37.161395348837225,1.4451937984496122,2.891472868217054,26.137131782945733,0.624031007751938,0.13503875968992252,4.070852713178295,64.696511627907,-23.294573643410853
10066852,8736 Greengrass Way,Parker,CO,80134,3,2.0,1471,2450.0,39.55807,-104.79421,Douglas County RE 1 School District,443730.0,2485.0,17749.2,3675.0,2352.0,3138.7999999999997,1.67,10.782600000000002,1.2924,4.6368,13.5866,0.4134,0.10700000000000001,5.688199999999999,74.27559999999997,10.24
10066854,8738 Snowbird Way,Parker,CO,80134,3,3.0,1307,2380.0,39.55829,-104.79605,Douglas County RE 1 School District,444765.0,2491.0,17790.6,3570.0,2284.8,2423.600000000002,1.82,10.782600000000002,1.2924,4.6368,13.5866,0.4134,0.10700000000000001,5.688199999999999,74.27559999999997,10.24
10066974,8956 W 88th Pl,Westminster,CO,80021,3,1.5,1325,2322.0,39.85753,-105.09709,Jefferson County R-1 School District,333335.0,1867.0,13333.4,3483.0,2229.12,6951.48,1.75,37.161395348837225,1.4451937984496122,2.891472868217054,26.137131782945733,0.624031007751938,0.13503875968992252,4.070852713178295,64.696511627907,-23.294573643410853
10068352,9051 Bermuda Run Cir,Highlands Ranch,CO,80130,3,2.0,1322,2450.0,39.55173,-104.91204,Douglas County RE 1 School District,507635.0,2843.0,20305.4,3675.0,2352.0,224.59999999999852,1.85,10.782600000000002,1.2924,4.6368,13.5866,0.4134,0.10700000000000001,5.688199999999999,74.27559999999997,10.24
10071120,9131 Judson St,Westminster,CO,80031,4,2.0,1800,2605.0,39.86246,-105.02907,Westminster 50 School District,394129.95,2207.0,15765.2,3907.5,2500.8,6879.5,1.45,80.54846153846155,1.94,3.9353846153846153,74.72769230769231,0.6761538461538461,0.5938461538461538,2.2469230769230766,15.878461538461538,-19.692307692307693
10072754,9434 Brentwood St,Westminster,CO,80021,3,2.0,1915,2615.0,39.87,-105.09,Jefferson County R-1 School District,450817.45,2525.0,18032.7,3922.5,2510.4,4389.4000000000015,1.37,37.161395348837225,1.4451937984496122,2.891472868217054,26.137131782945733,0.624031007751938,0.13503875968992252,4.070852713178295,64.696511627907,-23.294573643410853
10073279,9731 W 104th Dr,Westminster,CO,80021,3,2.0,1144,2345.0,39.884,-105.107,Jefferson County R-1 School District,428039.95,2397.0,17121.6,3517.5,2251.2000000000003,2852.7000000000007,2.05,37.161395348837225,1.4451937984496122,2.891472868217054,26.137131782945733,0.624031007751938,0.13503875968992252,4.070852713178295,64.696511627907,-23.294573643410853
10096018,7025 Zenobia St,Westminster,CO,80030,4,2.0,1904,2831.0,39.82508,-105.05287,Westminster 50 School District,434018.65,2431.0,17360.75,4246.5,2717.76,7215.989999999998,1.49,80.54846153846155,1.94,3.9353846153846153,74.72769230769231,0.6761538461538461,0.5938461538461538,2.2469230769230766,15.878461538461538,-19.692307692307693
10096455,5183 E 119th Way,Thornton,CO,80233,3,2.5,1405,2600.0,39.91292,-104.92692,Adams 12 Five Star Schools,431814.5,2418.0,17272.58,3900.0,2496.0,5113.419999999998,1.85,47.38558139534882,1.9074418604651164,4.725348837209301,47.0013953488372,0.5467441860465118,0.14232558139534884,3.318837209302326,42.35930232558139,-23.3953488372093
10096530,5120 Troy St,Denver,CO,80239,3,2.0,1864,2596.0,39.78991,-104.84171,Denver County 1 School District,384790.0,2155.0,15391.6,3894.0,2492.16,7219.239999999998,1.39,65.03672413793102,12.191293103448272,2.7722413793103446,53.5878448275862,0.7125000000000002,0.4012068965517242,3.7133620689655173,26.620603448275855,-34.31896551724138
10110154,11039 Grange Creek Dr,Thornton,CO,80233,4,2.0,1885,2845.0,39.89594,-104.92393,Adams 12 Five Star Schools,409053.35,2291.0,16362.13,4267.5,2731.2000000000003,8488.169999999998,1.51,47.38558139534882,1.9074418604651164,4.725348837209301,47.0013953488372,0.5467441860465118,0.14232558139534884,3.318837209302326,42.35930232558139,-23.3953488372093
10110158,5431 S Genoa St,Centennial,CO,80015,4,3.5,2185,2800.0,39.617647,-104.757882,Cherry Creek 5 School District,504880.0,2827.0,20195.2,4200.0,2688.0,3689.7999999999993,1.28,31.316206896551716,10.956379310344833,8.528620689655174,20.997586206896553,0.5799999999999998,0.26362068965517244,8.194137931034483,50.48,-29.53448275862069
10110559,11062 Wolff Way,Westminster,CO,80031,3,2.5,2142,2845.0,39.8973,-105.04747,Adams 12 Five Star Schools,568305.0,3183.0,22732.2,4267.5,2731.2000000000003,1226.0999999999983,1.33,47.38558139534882,1.9074418604651164,4.725348837209301,47.0013953488372,0.5467441860465118,0.14232558139534884,3.318837209302326,42.35930232558139,-23.3953488372093
10110567,3604 S Flanders St,Aurora,CO,80013,4,2.0,1862,2639.0,39.65063,-104.75707,Cherry Creek 5 School District,419080.0,2347.0,16763.2,3958.5,2533.44,6065.860000000001,1.42,31.316206896551716,10.956379310344833,8.528620689655174,20.997586206896553,0.5799999999999998,0.26362068965517244,8.194137931034483,50.48,-29.53448275862069
10110597,1965 Rosemary St,Denver,CO,80220,3,2.0,1463,2585.0,39.74659,-104.90021,Denver County 1 School District,485400.0,2718.0,19416.0,3877.5,2481.6,2526.900000000001,1.77,65.03672413793102,12.191293103448272,2.7722413793103446,53.5878448275862,0.7125000000000002,0.4012068965517242,3.7133620689655173,26.620603448275855,-34.31896551724138
10111186,3770 S Jebel Way,Aurora,CO,80013,4,2.5,2182,2699.0,39.64782,-104.75018,Cherry Creek 5 School District,442894.95,2480.0,17715.8,4048.5,2591.04,5552.66,1.24,31.316206896551716,10.956379310344833,8.528620689655174,20.997586206896553,0.5799999999999998,0.26362068965517244,8.194137931034483,50.48,-29.53448275862069
10111591,4797 S Quintero St,Aurora,CO,80015,4,2.5,1585,2525.0,39.62973,-104.78688,Cherry Creek 5 School District,383583.65,2148.0,15343.35,3787.5,2424.0,6597.1500000000015,1.59,31.316206896551716,10.956379310344833,8.528620689655174,20.997586206896553,0.5799999999999998,0.26362068965517244,8.194137931034483,50.48,-29.53448275862069
10111679,3597 S Halifax Way,Aurora,CO,80013,3,2.5,1830,2600.0,39.65118,-104.75496,Cherry Creek 5 School District,422705.0,2367.0,16908.2,3900.0,2496.0,5528.799999999999,1.42,31.316206896551716,10.956379310344833,8.528620689655174,20.997586206896553,0.5799999999999998,0.26362068965517244,8.194137931034483,50.48,-29.53448275862069
10111927,3663 E 133rd Ct,Thornton,CO,80241,3,2.5,2240,2750.0,39.93676,-104.94433,Adams 12 Five Star Schools,492140.0,2756.0,19685.6,4125.0,2640.0,3793.4000000000015,1.23,47.38558139534882,1.9074418604651164,4.725348837209301,47.0013953488372,0.5467441860465118,0.14232558139534884,3.318837209302326,42.35930232558139,-23.3953488372093
10112259,2464 S Gibralter Way,Aurora,CO,80013,3,2.5,1582,2510.0,39.67377,-104.75468,Adams-Arapahoe 28J School District,460885.0,2581.0,18435.4,3765.0,2409.6,2929.0,1.59,77.80837209302327,16.370465116279068,5.282325581395349,55.53395348837209,0.7425581395348836,1.0704651162790697,6.084186046511626,14.91813953488372,-39.372093023255815
10112282,6486 S Dexter St,Centennial,CO,80121,5,2.0,2028,2849.0,39.59963,-104.93205,Littleton 6 School District,501260.0,2807.0,20050.4,4273.5,2735.04,4322.059999999998,1.4,20.789,1.462,2.4234999999999993,19.472499999999997,0.35200000000000004,0.15000000000000005,4.6905,71.4485,-15.7
10112362,12757 S Red Rosa Cir,Parker,CO,80134,3,2.5,2167,2890.0,39.485004,-104.783414,Douglas County RE 1 School District,612211.0,3428.0,24488.44,4335.0,2774.4,-345.8399999999965,1.33,10.782600000000002,1.2924,4.6368,13.5866,0.4134,0.10700000000000001,5.688199999999999,74.27559999999997,10.24
10112395,18275 E Bellewood Dr,Aurora,CO,80015,3,3.5,2164,2788.0,39.62502,-104.77515,Cherry Creek 5 School District,402465.0,2254.0,16098.6,4182.0,2676.48,8244.919999999998,1.29,31.316206896551716,10.956379310344833,8.528620689655174,20.997586206896553,0.5799999999999998,0.26362068965517244,8.194137931034483,50.48,-29.53448275862069
10112548,12831 Billingsley Trl,Parker,CO,80134,4,2.5,1892,2732.0,39.482911,-104.787269,Douglas County RE 1 School District,527645.8,2955.0,21105.83,4098.0,2622.7200000000003,2002.449999999997,1.44,10.782600000000002,1.2924,4.6368,13.5866,0.4134,0.10700000000000001,5.688199999999999,74.27559999999997,10.24
10115089,10062 Milwaukee St,Thornton,CO,80229,3,2.5,1591,2545.0,39.87842,-104.95208,Mapleton 1 School District,405185.0,2269.0,16207.4,3817.5,2443.2000000000003,5802.9000000000015,1.6,51.248000000000005,0.924,1.494,65.608,0.506,0.10400000000000001,1.7280000000000002,9.636,-14.8
10115252,16430 Race St,Thornton,CO,80602,3,3.0,1672,2675.0,39.99459,-104.962,Adams 12 Five Star Schools,544649.0,3050.0,21785.96,4012.5,2568.0,683.5400000000009,1.6,47.38558139534882,1.9074418604651164,4.725348837209301,47.0013953488372,0.5467441860465118,0.14232558139534884,3.318837209302326,42.35930232558139,-23.3953488372093
10115542,5558 S Ireland Way,Centennial,CO,80015,3,2.5,1846,2610.0,39.61577,-104.75141,Cherry Creek 5 School District,439560.0,2462.0,17582.4,3915.0,2505.6,4855.0,1.41,31.316206896551716,10.956379310344833,8.528620689655174,20.997586206896553,0.5799999999999998,0.26362068965517244,8.194137931034483,50.48,-29.53448275862069
10115563,15883 E Bethany Pl,Aurora,CO,80013,5,3.0,1860,2425.0,39.66316,-104.80322,Adams-Arapahoe 28J School District,393565.0,2204.0,15742.6,3637.5,2328.0,5187.9000000000015,1.3,77.80837209302327,16.370465116279068,5.282325581395349,55.53395348837209,0.7425581395348836,1.0704651162790697,6.084186046511626,14.91813953488372,-39.372093023255815
