property_code,address_1,city,state,zipcode,beds,baths,sqft,market_rent,lat,lng,point_pair,districtMatch,estimatedPrice,annualTaxes,costofMoney,maintenance,ROI,management
10000753,10627 Kittredge St,Commerce City,CO,80022,3,2.5,1993,2939.0,39.88982,-104.80151,"[-104.80151, 39.88982]",Brighton 27J School District,471980.0,2832.0,18879.2,4408.5,6326.860000000001,2821.44
10000801,10705 Clermont St,Thornton,CO,80233,3,2.0,1544,2529.0,39.89058,-104.93351,"[-104.93351, 39.89058]",Adams 12 Five Star Schools,408857.45,2453.0,16354.3,3793.5,5319.360000000001,2427.84
10000898,10874 Fairfax Way,Thornton,CO,80233,4,2.0,1904,2599.0,39.89348,-104.92838,"[-104.92838, 39.89348]",Adams 12 Five Star Schools,411345.0,2468.0,16453.8,3898.5,5872.66,2495.04
10000946,10944 Bellaire Way,Thornton,CO,80233,4,2.0,1800,2485.0,39.89548,-104.93625,"[-104.93625, 39.89548]",Adams 12 Five Star Schools,404420.0,2427.0,16176.8,3727.5,5103.0999999999985,2385.6
10001199,11120 Sylvan Pl,Parker,CO,80138,3,2.0,1387,2549.0,39.51228,-104.74424,"[-104.74424, 39.51228]",Douglas County RE 1 School District,545330.0,3272.0,21813.2,3823.5,-767.7400000000016,2447.04
10001523,11375 Nome St,Henderson,CO,80640,4,2.0,2087,2595.0,39.90208,-104.85186,"[-104.85186, 39.90208]",Brighton 27J School District,439589.95,2638.0,17583.6,3892.5,4534.700000000001,2491.2000000000003
10001870,11845 E Kepner Dr,Aurora,CO,80012,2,3.0,1064,2095.0,39.69852,-104.85037,"[-104.85037, 39.69852]",Cherry Creek 5 School District,289430.0,1737.0,11577.2,3142.5,6672.0999999999985,2011.2
10002292,12156 E Louisiana Dr,Aurora,CO,80012,4,2.5,2625,2645.0,39.69204,-104.84547,"[-104.84547, 39.69204]",Adams-Arapahoe 28J School District,414827.5,2489.0,16593.1,3967.5,6151.200000000001,2539.2000000000003
10002730,12823 Cherry Way,Thornton,CO,80241,4,3.0,2484,2775.0,39.92966,-104.93441,"[-104.93441, 39.92966]",Adams 12 Five Star Schools,438715.0,2632.0,17548.6,4162.5,6292.9000000000015,2664.0
10003845,1320 Bluebird St,Brighton,CO,80601,3,2.0,1470,2246.0,39.96678,-104.83774,"[-104.83774, 39.96678]",Brighton 27J School District,407485.0,2445.0,16299.4,3369.0,2682.4400000000023,2156.16
10006119,14705 E Harvard Ave,Aurora,CO,80014,3,2.0,1327,2358.0,39.67106,-104.81664,"[-104.81664, 39.67106]",Adams-Arapahoe 28J School District,434560.0,2607.0,17382.4,3537.0,2505.9199999999983,2263.68
10006818,1597 S Uvalda St,Aurora,CO,80012,4,2.0,1976,2604.0,39.68714,-104.83808,"[-104.83808, 39.68714]",Adams-Arapahoe 28J School District,414570.0,2487.0,16582.8,3906.0,5772.360000000001,2499.84
10007912,17739 Biscuit Root Dr,Parker,CO,80134,4,3.0,1670,2178.0,39.55575,-104.78287,"[-104.78287, 39.55575]",Douglas County RE 1 School District,350810.0,2105.0,14032.4,3267.0,4640.720000000001,2090.88
10008216,18290 E Hampden Pl,Aurora,CO,80013,5,4.0,2900,3095.0,39.65272,-104.77647,"[-104.77647, 39.65272]",Cherry Creek 5 School District,323439.95,1941.0,12937.6,4642.5,14647.699999999997,2971.2000000000003
10008339,18524 E Layton Pl,Aurora,CO,80015,5,2.0,1736,2845.0,39.62718,-104.77315,"[-104.77315, 39.62718]",Cherry Creek 5 School District,366944.95,2202.0,14677.8,4267.5,10261.5,2731.2000000000003
10008406,18753 E Utah Cir,Aurora,CO,80017,4,2.5,1622,2550.0,39.68331,-104.76979,"[-104.76979, 39.68331]",Adams-Arapahoe 28J School District,333930.0,2004.0,13357.2,3825.0,8965.8,2448.0
10008641,19176 E Oberlin Dr,Aurora,CO,80013,3,2.0,1800,2545.0,39.64047,-104.76544,"[-104.76544, 39.64047]",Cherry Creek 5 School District,396770.0,2381.0,15870.8,3817.5,6027.5,2443.2000000000003
10008753,19393 E Purdue Cir,Aurora,CO,80013,3,1.0,1230,2175.0,39.63917,-104.76173,"[-104.76173, 39.63917]",Cherry Creek 5 School District,411688.25,2470.0,16467.53,3262.5,1811.9700000000012,2088.0
10010266,2094 S Pagosa St,Aurora,CO,80013,5,3.0,2032,2575.0,39.67825,-104.78999,"[-104.78999, 39.67825]",Adams-Arapahoe 28J School District,337854.95,2027.0,13514.2,3862.5,9024.3,2472.0
10012896,2774 S Cathay Way,Aurora,CO,80013,4,4.0,2000,2645.0,39.6668,-104.7664,"[-104.7664, 39.6668]",Cherry Creek 5 School District,325997.55,1956.0,13039.9,3967.5,10237.400000000001,2539.2000000000003
10013527,2861 S Genoa St,Aurora,CO,80013,3,2.0,1920,2520.0,39.66526,-104.75811,"[-104.75811, 39.66526]",Cherry Creek 5 School District,386882.5,2321.0,15475.3,3780.0,6244.5,2419.2000000000003
10013807,2956 S Jasper St,Aurora,CO,80013,4,2.0,2016,2585.0,39.66266,-104.8055,"[-104.8055, 39.66266]",Adams-Arapahoe 28J School District,389510.0,2337.0,15580.4,3877.5,6743.5,2481.6
10031869,3155 S Idalia St,Aurora,CO,80013,4,2.0,1632,2550.0,39.65931,-104.80765,"[-104.80765, 39.65931]",Adams-Arapahoe 28J School District,398403.65,2390.0,15936.15,3825.0,6000.8499999999985,2448.0
10032464,3336 S Dunkirk Way,Aurora,CO,80013,4,2.0,2328,2550.0,39.6553,-104.7621,"[-104.7621, 39.6553]",Cherry Creek 5 School District,442380.0,2654.0,17695.2,3825.0,3977.7999999999993,2448.0
10033194,3680 S Danube Cir,Aurora,CO,80013,3,3.0,1288,2375.0,39.64944,-104.76285,"[-104.76285, 39.64944]",Cherry Creek 5 School District,373583.75,2242.0,14943.35,3562.5,5472.1500000000015,2280.0
10033440,3806 S Ouray Way,Aurora,CO,80013,3,2.0,1824,2515.0,39.64712,-104.79167,"[-104.79167, 39.64712]",Cherry Creek 5 School District,423769.95,2543.0,16950.8,3772.5,4499.300000000003,2414.4
10033472,2676 E 117th Way,Thornton,CO,80233,4,2.0,2142,2865.0,39.90905,-104.95226,"[-104.95226, 39.90905]",Adams 12 Five Star Schools,406629.95,2440.0,16265.2,4297.5,8626.900000000001,2750.4
10033485,5225 E 123rd Ave,Thornton,CO,80241,5,2.0,1792,2685.0,39.91904,-104.92548,"[-104.92548, 39.91904]",Adams 12 Five Star Schools,440367.45,2642.0,17614.7,4027.5,5358.199999999997,2577.6
10033650,3884 S Truckee Ct,Aurora,CO,80013,3,2.0,1732,2495.0,39.64293,-104.78044,"[-104.78044, 39.64293]",Cherry Creek 5 School District,299910.0,1799.0,11996.4,3742.5,10006.900000000001,2395.2000000000003
10042133,4108 S Laredo Way,Aurora,CO,80013,5,3.0,2240,2726.0,39.64186,-104.8008,"[-104.8008, 39.64186]",Cherry Creek 5 School District,398437.5,2391.0,15937.5,4089.0,7677.540000000001,2616.96
10042415,4157 S Olathe Way,Aurora,CO,80013,3,2.0,1742,2600.0,39.64136,-104.79427,"[-104.79427, 39.64136]",Cherry Creek 5 School District,389970.0,2340.0,15598.8,3900.0,6865.200000000001,2496.0
10042796,4323 Nepal St,Denver,CO,80249,4,2.0,1740,2335.0,39.77612,-104.74077,"[-104.74077, 39.77612]",Denver County 1 School District,383234.95,2299.0,15329.4,3502.5,4647.5,2241.6
10043355,453 S Nome Way,Aurora,CO,80012,4,2.0,1628,2425.0,39.70764,-104.85356,"[-104.85356, 39.70764]",Cherry Creek 5 School District,387692.25,2326.0,15507.69,3637.5,5300.809999999998,2328.0
10043560,4653 S Buckley Way,Aurora,CO,80015,3,2.0,1170,2176.0,39.63168,-104.79043,"[-104.79043, 39.63168]",Cherry Creek 5 School District,350795.0,2105.0,14031.8,3264.0,4622.240000000002,2088.96
10043692,4752 S Yampa St,Aurora,CO,80015,3,2.0,1689,2625.0,39.62884,-104.77537,"[-104.77537, 39.62884]",Cherry Creek 5 School District,377217.5,2263.0,15088.7,3937.5,7690.799999999999,2520.0
10043776,4810 Flanders Way,Denver,CO,80249,3,3.0,1858,2645.0,39.78436,-104.76084,"[-104.76084, 39.78436]",Denver County 1 School District,420049.4,2520.0,16801.98,3967.5,5911.32,2539.2000000000003
10043791,4814 S Pagosa Way,Aurora,CO,80015,3,2.0,1238,2505.0,39.62868,-104.78937,"[-104.78937, 39.62868]",Cherry Creek 5 School District,354190.0,2125.0,14167.6,3757.5,7605.0999999999985,2404.8
10048271,5072 S Himalaya Ct,Aurora,CO,80015,3,3.0,1500,2540.0,39.62423,-104.75255,"[-104.75255, 39.62423]",Cherry Creek 5 School District,447810.0,2687.0,17912.4,3810.0,3632.199999999997,2438.4
10049641,527 Leona Dr,Denver,CO,80221,3,3.0,1188,2485.0,39.84392,-104.99356,"[-104.99356, 39.84392]",Adams 12 Five Star Schools,406887.5,2441.0,16275.5,3727.5,4990.4000000000015,2385.6
10049802,5374 S Telluride Way,Centennial,CO,80015,4,2.5,2145,2628.0,39.61956,-104.78224,"[-104.78224, 39.61956]",Cherry Creek 5 School District,464979.9,2790.0,18599.2,3942.0,3681.9199999999983,2522.88
10050170,5631 W 71st Cir,Arvada,CO,80003,4,2.5,1502,2913.0,39.826,-105.06,"[-105.06, 39.826]",Jefferson County R-1 School District,427329.95,2564.0,17093.2,4369.5,8132.82,2796.48
10050266,5710 S Quatar Cir,Centennial,CO,80015,3,2.0,1361,2207.0,39.61232,-104.73445,"[-104.73445, 39.61232]",Cherry Creek 5 School District,435879.95,2615.0,17435.2,3310.5,1004.5799999999981,2118.7200000000003
10050357,5798 W 110th Ave,Westminster,CO,80020,4,2.0,1975,2650.0,39.897,-105.061,"[-105.061, 39.897]",Jefferson County R-1 School District,471840.0,2831.0,18873.6,3975.0,3576.4000000000015,2544.0
10057300,6324 W 92nd Pl,Westminster,CO,80031,4,2.0,1920,2760.0,39.864,-105.067,"[-105.067, 39.864]",Jefferson County R-1 School District,412069.5,2472.0,16482.78,4140.0,7375.620000000003,2649.6
10062646,2954 S Idalia St,Aurora,CO,80013,4,2.0,1296,2490.0,39.66278,-104.80593,"[-104.80593, 39.66278]",Adams-Arapahoe 28J School District,386755.0,2321.0,15470.2,3735.0,5963.4000000000015,2390.4
10062657,4926 Fraser Way,Denver,CO,80239,4,3.0,2587,3050.0,39.78129,-104.81126,"[-104.81126, 39.78129]",Denver County 1 School District,455625.0,2734.0,18225.0,4575.0,8138.0,2928.0
10062670,16901 E Eastman Pl,Aurora,CO,80013,3,1.5,1662,2285.0,39.65799,-104.79023,"[-104.79023, 39.65799]",Adams-Arapahoe 28J School District,411708.6,2470.0,16468.34,3427.5,2860.5599999999977,2193.6
10062703,12774 E 31st Ave,Aurora,CO,80011,3,2.0,2180,2580.0,39.75939,-104.84033,"[-104.84033, 39.75939]",Adams-Arapahoe 28J School District,395227.25,2371.0,15809.09,3870.0,6433.110000000001,2476.8
10062714,4338 Deephaven Ct,Denver,CO,80239,4,2.5,2247,2725.0,39.77565,-104.82321,"[-104.82321, 39.77565]",Denver County 1 School District,363749.4,2182.0,14549.98,4087.5,9264.52,2616.0
10062738,8610 Ogden St,Denver,CO,80229,3,3.0,2528,2745.0,39.85345,-104.97501,"[-104.97501, 39.85345]",Adams 12 Five Star Schools,299185.0,1795.0,11967.4,4117.5,12424.900000000001,2635.2000000000003
10062783,5174 Sable St,Denver,CO,80239,4,2.0,1395,2342.0,39.78804,-104.82032,"[-104.82032, 39.78804]",Denver County 1 School District,391355.0,2348.0,15654.2,3513.0,4340.48,2248.32
10062799,18868 E 52nd Ave,Denver,CO,80249,2,2.5,1524,2451.0,39.79129,-104.76729,"[-104.76729, 39.79129]",Denver County 1 School District,400684.95,2404.0,16027.4,3676.5,4951.139999999999,2352.96
10062812,10017 Beach St,Denver,CO,80260,3,2.0,1320,2330.0,39.87954,-105.01733,"[-105.01733, 39.87954]",Adams 12 Five Star Schools,308255.0,1850.0,12330.2,3495.0,8048.0,2236.8
10062827,4258 S Pitkin St,Aurora,CO,80013,3,2.0,1650,2345.0,39.63963,-104.78793,"[-104.78793, 39.63963]",Cherry Creek 5 School District,331431.1,1989.0,13257.24,3517.5,7125.059999999998,2251.2000000000003
10062838,4981 N Silverlace Dr,Castle Rock,CO,80109,3,3.0,2108,2610.0,39.4109,-104.89674,"[-104.89674, 39.4109]",Douglas County RE 1 School District,472222.45,2833.0,18888.9,3915.0,3177.5,2505.6
10062848,3166 S Olathe Way,Aurora,CO,80013,3,2.0,2048,2600.0,39.65927,-104.79247,"[-104.79247, 39.65927]",Adams-Arapahoe 28J School District,392458.6,2355.0,15698.34,3900.0,6750.66,2496.0
10062853,9809 Castle Ridge Cir,Highlands Ranch,CO,80129,4,3.0,1838,2765.0,39.53929,-105.01939,"[-105.01939, 39.53929]",Douglas County RE 1 School District,538467.45,3231.0,21538.7,4147.5,1608.4000000000015,2654.4
10062886,2416 S Memphis Way,Aurora,CO,80013,4,2.0,1764,2415.0,39.67214,-104.79639,"[-104.79639, 39.67214]",Adams-Arapahoe 28J School District,373930.0,2244.0,14957.2,3622.5,5837.9000000000015,2318.4
10062907,11644 Community Center Dr Unit # 126,Denver,CO,80233,4,3.0,2130,2420.0,39.90763,-104.98418,"[-104.98418, 39.90763]",Adams 12 Five Star Schools,320340.0,1922.0,12813.6,3630.0,8351.199999999997,2323.2000000000003
10062918,1360 S Tejon St,Denver,CO,80223,3,2.0,1887,2880.0,39.692,-105.01143,"[-105.01143, 39.692]",Denver County 1 School District,406434.9,2439.0,16257.4,4320.0,8778.800000000003,2764.8
10062934,8945 Field St #64,Westminster,CO,80021,2,2.0,1340,2095.0,39.85907,-105.09907,"[-105.09907, 39.85907]",Jefferson County R-1 School District,354162.5,2125.0,14166.5,3142.5,3694.7999999999993,2011.2
10062941,4751 Carson St,Denver,CO,80239,2,1.0,1513,2085.0,39.78123,-104.83142,"[-104.83142, 39.78123]",Denver County 1 School District,375490.0,2253.0,15019.6,3127.5,2618.2999999999993,2001.6000000000001
10062992,9174 Lander St,Westminster,CO,80031,3,2.0,1850,2595.0,39.86244,-105.03037,"[-105.03037, 39.86244]",Westminster 50 School District,393130.0,2359.0,15725.2,3892.5,6672.0999999999985,2491.2000000000003
10062993,1360 S Kendall St,Lakewood,CO,80232,3,2.0,1820,2568.0,39.693,-105.065,"[-105.065, 39.693]",Jefferson County R-1 School District,450325.0,2702.0,18013.0,3852.0,3783.720000000001,2465.28
10063013,5188 Duluth Ct,Denver,CO,80239,4,2.0,1576,2305.0,39.78765,-104.8184,"[-104.8184, 39.78765]",Denver County 1 School District,394280.0,2366.0,15771.2,3457.5,3852.5,2212.8
10063014,5564 Worchester St,Denver,CO,80239,3,2.0,1680,2375.0,39.79604,-104.83049,"[-104.83049, 39.79604]",Denver County 1 School District,367745.0,2206.0,14709.8,3562.5,5741.700000000001,2280.0
10063041,3787 S Quintero Cir,Aurora,CO,80013,4,2.0,1738,2530.0,39.64839,-104.78744,"[-104.78744, 39.64839]",Cherry Creek 5 School District,341477.5,2049.0,13659.1,3795.0,8428.099999999999,2428.8
10063072,7279 Dome Rock Rd,Littleton,CO,80125,3,2.0,1897,2365.0,39.46731,-105.07512,"[-105.07512, 39.46731]",Douglas County RE 1 School District,576265.0,3458.0,23050.6,3547.5,-3946.5,2270.4
10063080,18551 E Tanforan Pl,Aurora,CO,80015,2,2.0,1695,2590.0,39.62965,-104.7736,"[-104.7736, 39.62965]",Cherry Creek 5 School District,384242.45,2305.0,15369.7,3885.0,7033.9000000000015,2486.4
10063129,13420 W 73rd Ave,Arvada,CO,80005,3,3.0,2267,3220.0,39.8295,-105.14905,"[-105.14905, 39.8295]",Jefferson County R-1 School District,617345.0,3704.0,24693.8,4830.0,2321.0,3091.2000000000003
10063139,5361 S Hickory St,Littleton,CO,80120,4,2.0,2250,2700.0,39.61946,-105.00021,"[-105.00021, 39.61946]",Littleton 6 School District,333780.0,2003.0,13351.2,4050.0,10403.8,2592.0
10063142,19106 E Carmel Cir,Aurora,CO,80011,3,3.0,2148,2599.0,39.74906,-104.76429,"[-104.76429, 39.74906]",Adams-Arapahoe 28J School District,388080.0,2328.0,15523.2,3898.5,6943.259999999998,2495.04
10063145,9954 Columbine St,Thornton,CO,80229,5,2.0,2022,2510.0,39.87702,-104.95707,"[-104.95707, 39.87702]",Mapleton 1 School District,411994.95,2472.0,16479.8,3765.0,4993.5999999999985,2409.6
10063166,21480 E 44th Ave,Denver,CO,80249,3,3.0,1876,2704.0,39.77735,-104.73886,"[-104.73886, 39.77735]",Denver County 1 School District,370284.45,2222.0,14811.38,4056.0,8762.779999999999,2595.84
10063181,8011 Stuart Pl,Westminster,CO,80031,3,2.0,1920,2550.0,39.84268,-105.04667,"[-105.04667, 39.84268]",Westminster 50 School District,302114.4,1813.0,12084.58,3825.0,10429.419999999998,2448.0
10063182,2280 Mable Ave,Denver,CO,80229,3,1.0,2450,2195.0,39.84991,-104.9599,"[-104.9599, 39.84991]",Mapleton 1 School District,325653.65,1954.0,13026.15,3292.5,5960.1500000000015,2107.2
10063274,19743 E 49th Ave,Denver,CO,80249,2,2.5,1524,2395.0,39.78557,-104.75974,"[-104.75974, 39.78557]",Denver County 1 School District,419530.0,2517.0,16781.2,3592.5,3550.0999999999985,2299.2000000000003
10063278,6362 Freeport Dr,Highlands Ranch,CO,80130,3,2.0,1882,2595.0,39.55345,-104.9152,"[-104.9152, 39.55345]",Douglas County RE 1 School District,438285.0,2630.0,17531.4,3892.5,4594.899999999998,2491.2000000000003
10063279,16823 Blue Mist Cir,Parker,CO,80134,3,2.0,2176,2575.0,39.56166,-104.79365,"[-104.79365, 39.56166]",Douglas County RE 1 School District,386095.0,2317.0,15443.8,3862.5,6804.700000000001,2472.0
10063354,9735 Garwood St,Littleton,CO,80125,3,3.0,1327,2550.0,39.47512,-105.06784,"[-105.06784, 39.47512]",Douglas County RE 1 School District,473585.0,2842.0,18943.4,3825.0,2541.5999999999985,2448.0
10063380,3804 S Rome Way,Aurora,CO,80018,4,3.0,2349,2785.0,39.64753,-104.73028,"[-104.73028, 39.64753]",Cherry Creek 5 School District,484790.0,2909.0,19391.6,4177.5,4268.300000000003,2673.6
10063789,7375 Braun Way,Arvada,CO,80005,3,3.0,1967,2845.0,39.83056,-105.15157,"[-105.15157, 39.83056]",Jefferson County R-1 School District,530220.0,3181.0,21208.8,4267.5,2751.5,2731.2000000000003
10063940,13157 E Dakota Ave,Aurora,CO,80012,3,2.0,1679,2305.0,39.70836,-104.83612,"[-104.83612, 39.70836]",Adams-Arapahoe 28J School District,411375.0,2468.0,16455.0,3457.5,3066.7000000000007,2212.8
10063957,16166 E Exposition Dr,Aurora,CO,80017,3,2.0,1920,2625.0,39.70348,-104.79943,"[-104.79943, 39.70348]",Adams-Arapahoe 28J School District,389575.0,2337.0,15583.0,3937.5,7122.5,2520.0
10063961,10530 E 10th Ave,Aurora,CO,80010,3,3.0,2240,2590.0,39.73082,-104.86475,"[-104.86475, 39.73082]",Adams-Arapahoe 28J School District,344074.95,2064.0,13763.0,3885.0,8881.599999999999,2486.4
10063963,3591 Morning Glory Dr,Castle Rock,CO,80109,3,2.5,2172,3028.0,39.41661,-104.89987,"[-104.89987, 39.41661]",Douglas County RE 1 School District,492119.95,2953.0,19684.8,4542.0,6249.32,2906.88
10063970,4702 Orleans St,Denver,CO,80249,3,2.5,1709,2490.0,39.7814,-104.73679,"[-104.73679, 39.7814]",Denver County 1 School District,394354.45,2366.0,15774.18,3735.0,5614.419999999998,2390.4
10063975,3625 Fairfax St,Denver,CO,80207,3,1.5,1355,2365.0,39.76798,-104.92849,"[-104.92849, 39.76798]",Denver County 1 School District,472174.95,2833.0,18887.0,3547.5,842.0999999999985,2270.4
10063986,10744 Moore Cir,Westminster,CO,80021,3,1.5,1632,2475.0,39.89202,-105.11254,"[-105.11254, 39.89202]",Jefferson County R-1 School District,423444.95,2541.0,16937.8,3712.5,4132.700000000001,2376.0
10064013,8497 Wild Alfalfa Pl,Parker,CO,80134,4,2.0,1668,2300.0,39.56277,-104.79805,"[-104.79805, 39.56277]",Douglas County RE 1 School District,413828.85,2483.0,16553.15,3450.0,2905.8499999999985,2208.0
10064036,176 Monares Ln,Erie,CO,80516,5,4.0,2645,2899.0,40.04116,-105.0387,"[-105.0387, 40.04116]",St. Vrain Valley RE 1J School District,436944.9,2622.0,17477.8,4348.5,7556.66,2783.04
10064043,3690 Magnolia St,Denver,CO,80207,3,1.0,1544,2165.0,39.76843,-104.91145,"[-104.91145, 39.76843]",Denver County 1 School District,497632.45,2986.0,19905.3,3247.5,-2237.199999999997,2078.4
10064060,574 S Joplin St,Aurora,CO,80017,3,2.0,1596,2490.0,39.70518,-104.80328,"[-104.80328, 39.70518]",Adams-Arapahoe 28J School District,323995.0,1944.0,12959.8,3735.0,8850.800000000003,2390.4
10064086,2655 Atchison St,Aurora,CO,80011,3,1.5,1285,2085.0,39.75506,-104.82432,"[-104.82432, 39.75506]",Adams-Arapahoe 28J School District,363789.5,2183.0,14551.58,3127.5,3156.3199999999997,2001.6000000000001
10064108,14531 E Gunnison Pl,Aurora,CO,80012,3,2.5,1868,2545.0,39.68879,-104.81826,"[-104.81826, 39.68879]",Adams-Arapahoe 28J School District,340004.4,2040.0,13600.18,3817.5,8639.119999999999,2443.2000000000003
10064134,1205 Bluebird St,Brighton,CO,80601,3,2.0,1470,2325.0,39.9696,-104.83738,"[-104.83738, 39.9696]",Brighton 27J School District,380895.0,2285.0,15235.8,3487.5,4659.700000000001,2232.0
10064165,21103 E 45th Ave,Denver,CO,80249,3,2.0,1677,2425.0,39.77863,-104.74134,"[-104.74134, 39.77863]",Denver County 1 School District,377839.4,2267.0,15113.58,3637.5,5753.919999999998,2328.0
10064179,5842 S Orleans Way,Centennial,CO,80015,3,2.0,1431,2500.0,39.61056,-104.73639,"[-104.73639, 39.61056]",Cherry Creek 5 School District,431077.45,2586.0,17243.1,3750.0,4020.9000000000015,2400.0
10064180,240 Bonanza Dr,Erie,CO,80516,4,2.5,1997,2915.0,40.00396,-105.03676,"[-105.03676, 40.00396]",St. Vrain Valley RE 1J School District,485465.0,2913.0,19418.6,4372.5,5477.5,2798.4
10064195,4509 Andes St,Denver,CO,80249,3,2.5,1650,2460.0,39.77975,-104.77171,"[-104.77171, 39.77975]",Denver County 1 School District,397048.8,2382.0,15881.95,3690.0,5204.449999999997,2361.6
10064210,17306 E Mansfield Ave,Aurora,CO,80013,4,2.0,1569,2675.0,39.64554,-104.78758,"[-104.78758, 39.64554]",Cherry Creek 5 School District,293512.5,1761.0,11740.5,4012.5,12018.0,2568.0
10064214,5252 E 111th Pl,Thornton,CO,80233,3,2.0,2230,2850.0,39.89775,-104.92555,"[-104.92555, 39.89775]",Adams 12 Five Star Schools,392698.25,2356.0,15707.93,4275.0,9125.07,2736.0
10064269,13115 Mercury Dr,Littleton,CO,80124,3,2.0,1769,2785.0,39.55175,-104.89382,"[-104.89382, 39.55175]",Douglas County RE 1 School District,577845.0,3467.0,23113.8,4177.5,-11.900000000001455,2673.6
10064296,5677 S Oak St,Littleton,CO,80127,4,2.0,1808,2700.0,39.613,-105.12,"[-105.12, 39.613]",Jefferson County R-1 School District,488194.95,2929.0,19527.8,4050.0,3301.2000000000007,2592.0
10064325,12386 Roslyn Way,Thornton,CO,80602,3,2.5,4198,3385.0,39.92025,-104.89972,"[-104.89972, 39.92025]",Brighton 27J School District,611992.45,3672.0,24479.7,5077.5,4141.199999999997,3249.6
10064326,4558 Biscay St,Denver,CO,80249,3,2.0,1799,2385.0,39.7791,-104.76667,"[-104.76667, 39.7791]",Denver County 1 School District,385880.0,2315.0,15435.2,3577.5,5002.699999999997,2289.6
10064377,11027 Chesmore St,Highlands Ranch,CO,80130,3,2.5,2626,2925.0,39.51553,-104.94105,"[-104.94105, 39.51553]",Douglas County RE 1 School District,762080.0,4572.0,30483.2,4387.5,-7150.699999999997,2808.0
10064529,9499 Sherrelwood Ln,Highlands Ranch,CO,80126,4,3.0,2049,2650.0,39.54443,-104.97537,"[-104.97537, 39.54443]",Douglas County RE 1 School District,466265.0,2798.0,18650.6,3975.0,3832.4000000000015,2544.0
10064580,3280 Queen Ct,Broomfield,CO,80020,3,3.0,1739,2525.0,39.92959,-105.02897,"[-105.02897, 39.92959]",Adams 12 Five Star Schools,421285.0,2528.0,16851.4,3787.5,4709.0999999999985,2424.0
10064613,11303 Haswell Ct,Parker,CO,80134,4,2.5,1687,2595.0,39.51924,-104.78172,"[-104.78172, 39.51924]",Douglas County RE 1 School District,529429.45,3177.0,21177.18,3892.5,402.119999999999,2491.2000000000003
10064617,10820 Utica Ct,Westminster,CO,80031,3,2.0,1509,2615.0,39.89445,-105.04502,"[-105.04502, 39.89445]",Adams 12 Five Star Schools,549990.0,3300.0,21999.6,3922.5,-352.5,2510.4
10064659,13561 Vallejo St,Westminster,CO,80234,3,2.0,1407,2325.0,39.94125,-105.01434,"[-105.01434, 39.94125]",Adams 12 Five Star Schools,482315.0,2894.0,19292.6,3487.5,-6.099999999998545,2232.0
10066807,8697 W 86th Cir,Arvada,CO,80005,4,2.0,924,2340.0,39.854,-105.09,"[-105.09, 39.854]",Jefferson County R-1 School District,342783.65,2057.0,13711.35,3510.0,6555.25,2246.4
10066852,8736 Greengrass Way,Parker,CO,80134,3,2.0,1471,2450.0,39.55807,-104.79421,"[-104.79421, 39.55807]",Douglas County RE 1 School District,447630.0,2686.0,17905.2,3675.0,2781.7999999999993,2352.0
10066854,8738 Snowbird Way,Parker,CO,80134,3,3.0,1307,2380.0,39.55829,-104.79605,"[-104.79605, 39.55829]",Douglas County RE 1 School District,443540.0,2661.0,17741.6,3570.0,2302.600000000002,2284.8
10068352,9051 Bermuda Run Cir,Highlands Ranch,CO,80130,3,2.0,1322,2450.0,39.55173,-104.91204,"[-104.91204, 39.55173]",Douglas County RE 1 School District,514735.0,3088.0,20589.4,3675.0,-304.40000000000146,2352.0
10071120,9131 Judson St,Westminster,CO,80031,4,2.0,1800,2605.0,39.86246,-105.02907,"[-105.02907, 39.86246]",Westminster 50 School District,381130.0,2287.0,15245.2,3907.5,7319.5,2500.8
10072754,9434 Brentwood St,Westminster,CO,80021,3,2.0,1915,2615.0,39.87,-105.09,"[-105.09, 39.87]",Jefferson County R-1 School District,450817.45,2705.0,18032.7,3922.5,4209.4000000000015,2510.4
10073279,9731 W 104th Dr,Westminster,CO,80021,3,2.0,1144,2345.0,39.884,-105.107,"[-105.107, 39.884]",Jefferson County R-1 School District,428039.95,2568.0,17121.6,3517.5,2681.7000000000007,2251.2000000000003
10096455,5183 E 119th Way,Thornton,CO,80233,3,2.5,1405,2600.0,39.91292,-104.92692,"[-104.92692, 39.91292]",Adams 12 Five Star Schools,431814.5,2591.0,17272.58,3900.0,4940.419999999998,2496.0
10110154,11039 Grange Creek Dr,Thornton,CO,80233,4,2.0,1885,2845.0,39.89594,-104.92393,"[-104.92393, 39.89594]",Adams 12 Five Star Schools,401148.35,2407.0,16045.93,4267.5,8688.369999999999,2731.2000000000003
10110158,5431 S Genoa St,Centennial,CO,80015,4,3.5,2185,2800.0,39.617647,-104.757882,"[-104.757882, 39.617647]",Cherry Creek 5 School District,507030.0,3042.0,20281.2,4200.0,3388.7999999999993,2688.0
10110559,11062 Wolff Way,Westminster,CO,80031,3,2.5,2142,2845.0,39.8973,-105.04747,"[-105.04747, 39.8973]",Adams 12 Five Star Schools,574850.0,3449.0,22994.0,4267.5,698.3000000000029,2731.2000000000003
10110597,1965 Rosemary St,Denver,CO,80220,3,2.0,1463,2585.0,39.74659,-104.90021,"[-104.90021, 39.74659]",Denver County 1 School District,517700.0,3106.0,20708.0,3877.5,846.9000000000015,2481.6
10111186,3770 S Jebel Way,Aurora,CO,80013,4,2.5,2182,2845.0,39.64782,-104.75018,"[-104.75018, 39.64782]",Cherry Creek 5 School District,440044.95,2640.0,17601.8,4267.5,6899.5,2731.2000000000003
10111591,4797 S Quintero St,Aurora,CO,80015,4,2.5,1585,2525.0,39.62973,-104.78688,"[-104.78688, 39.62973]",Cherry Creek 5 School District,383583.65,2302.0,15343.35,3787.5,6443.1500000000015,2424.0
10111679,3597 S Halifax Way,Aurora,CO,80013,3,2.5,1830,2600.0,39.65118,-104.75496,"[-104.75496, 39.65118]",Cherry Creek 5 School District,418550.0,2511.0,16742.0,3900.0,5551.0,2496.0
10112259,2464 S Gibralter Way,Aurora,CO,80013,3,2.5,1582,2510.0,39.67377,-104.75468,"[-104.75468, 39.67377]",Adams-Arapahoe 28J School District,454985.0,2730.0,18199.4,3765.0,3016.0,2409.6
10112282,6486 S Dexter St,Centennial,CO,80121,5,2.0,2028,2849.0,39.59963,-104.93205,"[-104.93205, 39.59963]",Littleton 6 School District,494510.0,2967.0,19780.4,4273.5,4432.059999999998,2735.04
10112362,12757 S Red Rosa Cir,Parker,CO,80134,3,2.5,2167,2890.0,39.485004,-104.783414,"[-104.783414, 39.485004]",Douglas County RE 1 School District,594790.95,3569.0,23791.64,4335.0,209.95999999999913,2774.4
10115089,10062 Milwaukee St,Thornton,CO,80229,3,2.5,1591,2545.0,39.87842,-104.95208,"[-104.95208, 39.87842]",Mapleton 1 School District,403935.0,2424.0,16157.4,3817.5,5697.9000000000015,2443.2000000000003
10115252,16430 Race St,Thornton,CO,80602,3,3.0,1672,2675.0,39.99459,-104.962,"[-104.962, 39.99459]",Adams 12 Five Star Schools,533739.0,3202.0,21349.56,4012.5,967.9399999999987,2568.0
10115542,5558 S Ireland Way,Centennial,CO,80015,3,2.5,1846,2610.0,39.61577,-104.75141,"[-104.75141, 39.61577]",Cherry Creek 5 School District,429310.0,2576.0,17172.4,3915.0,5151.0,2505.6
10115563,15883 E Bethany Pl,Aurora,CO,80013,5,3.0,1860,2425.0,39.66316,-104.80322,"[-104.80322, 39.66316]",Adams-Arapahoe 28J School District,393190.0,2359.0,15727.6,3637.5,5047.9000000000015,2328.0
